-- phpMyAdmin SQL Dump
-- version 4.7.4
-- https://www.phpmyadmin.net/
--
-- Máy chủ: 127.0.0.1
-- Thời gian đã tạo: Th6 21, 2018 lúc 05:17 PM
-- Phiên bản máy phục vụ: 10.1.28-MariaDB
-- Phiên bản PHP: 7.1.10

SET SQL_MODE = "NO_AUTO_VALUE_ON_ZERO";
SET AUTOCOMMIT = 0;
START TRANSACTION;
SET time_zone = "+00:00";


/*!40101 SET @OLD_CHARACTER_SET_CLIENT=@@CHARACTER_SET_CLIENT */;
/*!40101 SET @OLD_CHARACTER_SET_RESULTS=@@CHARACTER_SET_RESULTS */;
/*!40101 SET @OLD_COLLATION_CONNECTION=@@COLLATION_CONNECTION */;
/*!40101 SET NAMES utf8mb4 */;

--
-- Cơ sở dữ liệu: `object_detection`
--

-- --------------------------------------------------------

--
-- Cấu trúc bảng cho bảng `chitietdoituong`
--

CREATE TABLE `chitietdoituong` (
  `id_object` int(11) NOT NULL,
  `id_image` int(11) NOT NULL
) ENGINE=InnoDB DEFAULT CHARSET=utf8;

--
-- Đang đổ dữ liệu cho bảng `chitietdoituong`
--

INSERT INTO `chitietdoituong` (`id_object`, `id_image`) VALUES
(1, 1),
(2, 1),
(3, 1),
(4, 1),
(5, 1),
(6, 1),
(7, 2),
(8, 2),
(9, 2),
(10, 2),
(11, 2),
(12, 2),
(13, 2),
(14, 2),
(15, 3),
(16, 3),
(17, 3),
(18, 3),
(19, 3),
(20, 3),
(21, 3),
(22, 3),
(23, 3),
(24, 4),
(25, 4),
(26, 4),
(27, 4),
(28, 4),
(29, 4),
(30, 4),
(31, 4),
(32, 4),
(33, 4),
(34, 4),
(35, 4),
(36, 4),
(37, 4),
(38, 4),
(39, 5),
(40, 5),
(41, 5),
(42, 5),
(43, 5),
(44, 5),
(45, 5),
(46, 6),
(47, 6),
(48, 6),
(49, 6),
(50, 6),
(51, 6),
(52, 6),
(53, 7),
(54, 7),
(55, 8),
(56, 8),
(57, 8),
(58, 8),
(59, 9),
(60, 10),
(61, 10),
(62, 10),
(63, 10),
(64, 10),
(65, 10),
(66, 10),
(67, 10),
(68, 10),
(69, 10),
(70, 10),
(71, 10),
(72, 10),
(73, 10),
(74, 10),
(75, 10),
(76, 10),
(77, 10),
(78, 10),
(79, 10),
(80, 11),
(81, 11),
(82, 11),
(83, 11),
(84, 11),
(85, 11),
(86, 11),
(87, 11),
(88, 11),
(89, 11),
(90, 11),
(91, 11),
(92, 11),
(93, 11),
(94, 11),
(95, 11),
(96, 11),
(97, 11),
(98, 11),
(99, 11),
(100, 12),
(101, 13),
(102, 13),
(103, 13),
(104, 13),
(105, 13),
(106, 13),
(107, 14),
(108, 14),
(109, 14),
(110, 15),
(111, 15),
(112, 15),
(113, 16),
(114, 16),
(115, 16),
(116, 16),
(117, 16),
(118, 17),
(119, 17),
(120, 17),
(121, 17),
(122, 17),
(123, 17),
(124, 17),
(125, 18),
(126, 18),
(127, 19),
(128, 20),
(129, 20),
(130, 20),
(131, 20),
(132, 20),
(133, 21),
(134, 21),
(135, 22),
(136, 22),
(137, 22),
(138, 23),
(139, 24),
(140, 24),
(141, 24),
(142, 24),
(143, 25),
(144, 25),
(145, 26),
(146, 26),
(147, 27),
(148, 27),
(149, 27),
(150, 27),
(151, 27),
(152, 27),
(153, 27),
(154, 28),
(155, 28),
(156, 28),
(157, 28),
(158, 28),
(159, 28),
(160, 29),
(161, 29),
(162, 29),
(163, 29),
(164, 29),
(165, 29),
(166, 29),
(167, 29),
(168, 29),
(169, 29),
(170, 29),
(171, 29),
(172, 29),
(173, 29),
(174, 29),
(175, 29),
(176, 29),
(177, 30),
(178, 30),
(179, 30),
(180, 30),
(181, 30),
(182, 30),
(183, 30),
(184, 30),
(185, 31),
(186, 31),
(187, 31),
(188, 32),
(189, 32),
(190, 32),
(191, 32),
(192, 32),
(193, 32),
(194, 32),
(195, 32),
(196, 32),
(197, 32),
(198, 32),
(199, 32),
(200, 33),
(201, 33),
(202, 33),
(203, 33),
(204, 33),
(205, 33),
(206, 34),
(207, 34),
(208, 35),
(209, 35),
(210, 35),
(211, 36),
(212, 36),
(213, 36),
(214, 37),
(215, 37),
(216, 37),
(217, 37),
(218, 37),
(219, 37),
(220, 38),
(221, 38),
(222, 38),
(223, 38),
(224, 38),
(225, 38),
(226, 38),
(227, 39),
(228, 40),
(229, 41),
(230, 41),
(231, 42),
(232, 42),
(233, 42),
(234, 42),
(235, 42),
(236, 42),
(237, 43),
(238, 43),
(239, 43),
(240, 43),
(241, 43),
(242, 43),
(243, 43),
(244, 43),
(245, 43),
(246, 43),
(247, 43),
(248, 44),
(249, 44),
(250, 44),
(251, 44),
(252, 44),
(253, 44),
(254, 44),
(255, 44),
(256, 44),
(257, 44),
(258, 44),
(259, 44),
(260, 44),
(261, 45),
(262, 45),
(263, 45),
(264, 45),
(265, 45),
(266, 45),
(267, 46),
(268, 47),
(269, 47),
(270, 47),
(271, 47),
(272, 47),
(273, 47),
(274, 47),
(275, 47),
(276, 47),
(277, 47),
(278, 47),
(279, 47),
(280, 48),
(281, 48),
(282, 48),
(283, 48),
(284, 48),
(285, 48),
(286, 49),
(287, 49),
(288, 49),
(289, 49),
(290, 49),
(291, 49),
(292, 50),
(293, 50),
(294, 50),
(295, 50),
(296, 50),
(297, 51),
(298, 51),
(299, 51),
(300, 51),
(301, 51),
(302, 51),
(303, 51),
(304, 51),
(305, 51),
(306, 51),
(307, 51),
(308, 51),
(309, 52),
(310, 52),
(311, 52),
(312, 52),
(313, 52),
(314, 52),
(315, 52),
(316, 53),
(317, 53),
(318, 53),
(319, 54),
(320, 54),
(321, 55),
(322, 55),
(323, 55),
(324, 55),
(325, 55),
(326, 55),
(327, 55),
(328, 55),
(329, 55),
(330, 55),
(331, 55),
(332, 55),
(333, 55),
(334, 55),
(335, 55),
(336, 55),
(337, 56),
(338, 56),
(339, 56),
(340, 56),
(341, 56),
(342, 56),
(343, 56),
(344, 56),
(345, 56),
(346, 56),
(347, 56),
(348, 56),
(349, 56),
(350, 56),
(351, 56),
(352, 56),
(353, 57),
(354, 57),
(355, 57),
(356, 57),
(357, 57),
(358, 57),
(359, 57),
(360, 57),
(361, 57),
(362, 57),
(363, 57),
(364, 57),
(365, 58),
(366, 58),
(367, 58),
(368, 58),
(369, 58),
(370, 58),
(371, 58),
(372, 58),
(373, 58),
(374, 58),
(375, 58),
(376, 59),
(377, 59),
(378, 59),
(379, 59),
(380, 59),
(381, 59),
(382, 59),
(383, 59),
(384, 59),
(385, 59),
(386, 59),
(387, 60),
(388, 60),
(389, 60),
(390, 60),
(391, 60),
(392, 60),
(393, 60),
(394, 61),
(395, 61),
(396, 61),
(397, 61),
(398, 61),
(399, 61),
(400, 61),
(401, 61),
(402, 62),
(403, 62),
(404, 62),
(405, 62),
(406, 62),
(407, 62),
(408, 62),
(409, 62),
(410, 62),
(411, 62),
(412, 62),
(413, 62),
(414, 62),
(415, 62),
(416, 63),
(417, 64),
(418, 64),
(419, 64),
(420, 65),
(421, 65),
(422, 66),
(423, 66),
(424, 66),
(425, 66),
(426, 66),
(427, 66),
(428, 67),
(429, 67),
(430, 67),
(431, 67),
(432, 67),
(433, 68),
(434, 69),
(435, 69),
(436, 69),
(437, 70),
(438, 70),
(439, 71),
(440, 71),
(441, 71),
(442, 71),
(443, 72),
(444, 72),
(445, 72),
(446, 72),
(447, 72),
(448, 73),
(449, 74),
(450, 74),
(451, 74),
(452, 74),
(453, 75),
(454, 75),
(455, 75),
(456, 75),
(457, 76),
(458, 76),
(459, 76),
(460, 76),
(461, 76),
(462, 76),
(463, 77),
(464, 77),
(465, 77),
(466, 77),
(467, 77),
(468, 78),
(469, 78),
(470, 78),
(471, 79),
(472, 79),
(473, 79),
(474, 79),
(475, 79),
(476, 79),
(477, 79),
(478, 79),
(479, 79),
(480, 80),
(481, 80),
(482, 80),
(483, 80),
(484, 80),
(485, 80),
(486, 80),
(487, 80),
(488, 80),
(489, 80),
(490, 80),
(491, 80),
(492, 81),
(493, 82),
(494, 82),
(495, 83),
(496, 83),
(497, 84),
(498, 84),
(499, 85),
(500, 85),
(501, 85),
(502, 85),
(503, 85),
(504, 86),
(505, 86),
(506, 87),
(507, 88),
(508, 89),
(509, 89),
(510, 90),
(511, 91),
(512, 91),
(513, 91),
(514, 91),
(515, 91),
(516, 92),
(517, 92),
(518, 92),
(519, 93),
(520, 93),
(521, 93),
(522, 93),
(523, 93),
(524, 93),
(525, 93),
(526, 93),
(527, 93),
(528, 93),
(529, 93),
(530, 94),
(531, 94),
(532, 94),
(533, 94),
(534, 94),
(535, 94),
(536, 94),
(537, 94),
(538, 95),
(539, 95),
(540, 95),
(541, 95),
(542, 95),
(543, 95),
(544, 95),
(545, 95),
(546, 95),
(547, 95),
(548, 95),
(549, 96),
(550, 96),
(551, 96),
(552, 96),
(553, 96),
(554, 97),
(555, 97),
(556, 97),
(557, 97),
(558, 97),
(559, 97),
(560, 97),
(561, 97),
(562, 98),
(563, 98),
(564, 98),
(565, 98),
(566, 98),
(567, 98),
(568, 98),
(569, 98),
(570, 98),
(571, 98),
(572, 99),
(573, 99),
(574, 99),
(575, 99),
(576, 100),
(577, 100),
(578, 100),
(579, 101),
(580, 101),
(581, 101),
(582, 101),
(583, 102),
(584, 102),
(585, 102),
(586, 102),
(587, 102),
(588, 102),
(589, 102),
(590, 102),
(591, 103),
(592, 103),
(593, 103),
(594, 103),
(595, 104),
(596, 104),
(597, 104),
(598, 104),
(599, 105),
(600, 105),
(601, 105),
(602, 105),
(603, 105),
(604, 105),
(605, 105),
(606, 105),
(607, 106),
(608, 106),
(609, 107),
(610, 107),
(611, 107),
(612, 107),
(613, 107),
(614, 107),
(615, 107),
(616, 107),
(617, 107),
(618, 107),
(619, 107),
(620, 107),
(621, 108),
(622, 108),
(623, 108),
(624, 108),
(625, 108),
(626, 108),
(627, 108),
(628, 108),
(629, 108),
(630, 108),
(631, 108),
(632, 109),
(633, 109),
(634, 109),
(635, 109),
(636, 109),
(637, 109),
(638, 109),
(639, 109),
(640, 109),
(641, 110),
(642, 111),
(643, 112),
(644, 113),
(645, 113),
(646, 113),
(647, 113),
(648, 113),
(649, 113),
(650, 113),
(651, 113),
(652, 113),
(653, 114),
(654, 114),
(655, 114),
(656, 114),
(657, 114),
(658, 114),
(659, 115),
(660, 116),
(661, 116),
(662, 116),
(663, 116),
(664, 116),
(665, 117),
(666, 118),
(667, 118),
(668, 118),
(669, 118),
(670, 118),
(671, 118),
(672, 118),
(673, 118),
(674, 119),
(675, 119),
(676, 120),
(677, 120),
(678, 120),
(679, 120),
(680, 121),
(681, 121),
(682, 121),
(683, 121),
(684, 121),
(685, 121),
(686, 121),
(687, 121),
(688, 121),
(689, 121),
(690, 121),
(691, 121),
(692, 121),
(693, 121),
(694, 121),
(695, 122),
(696, 122),
(697, 122),
(698, 123),
(699, 123),
(700, 123),
(701, 123),
(702, 123),
(703, 123),
(704, 123),
(705, 123),
(706, 123),
(707, 124),
(708, 124),
(709, 125),
(710, 125),
(711, 125),
(712, 126),
(713, 126),
(714, 126),
(715, 126),
(716, 127),
(717, 127),
(718, 127),
(719, 128),
(720, 128),
(721, 128),
(722, 128),
(723, 129),
(724, 129),
(725, 129),
(726, 129),
(727, 130),
(728, 130),
(729, 130),
(730, 131),
(731, 132),
(732, 132),
(733, 132),
(734, 132),
(735, 132),
(736, 132),
(737, 132),
(738, 133),
(739, 133),
(740, 133),
(741, 133),
(742, 133),
(743, 134),
(744, 135),
(745, 135),
(746, 135),
(747, 135),
(748, 136),
(749, 137),
(750, 137),
(751, 137),
(752, 138),
(753, 138),
(754, 138),
(755, 138),
(756, 138),
(757, 138),
(758, 138),
(759, 138),
(760, 139),
(761, 139),
(762, 139),
(763, 139),
(764, 139),
(765, 140),
(766, 140),
(767, 140),
(768, 140),
(769, 141),
(770, 141),
(771, 141),
(772, 142),
(773, 142),
(774, 142),
(775, 142),
(776, 142),
(777, 142),
(778, 142),
(779, 142),
(780, 142),
(781, 142),
(782, 142),
(783, 142),
(784, 142),
(785, 142),
(786, 142),
(787, 142),
(788, 142),
(789, 142),
(790, 142),
(791, 142),
(792, 143),
(793, 143),
(794, 143),
(795, 143),
(796, 143),
(797, 143),
(798, 143),
(799, 144),
(800, 144),
(801, 144),
(802, 144),
(803, 144),
(804, 144),
(805, 144),
(806, 144),
(807, 145),
(808, 145),
(809, 145),
(810, 145),
(811, 145),
(812, 145),
(813, 145),
(814, 145),
(815, 145),
(816, 145),
(817, 145),
(818, 145),
(819, 145),
(820, 145),
(821, 145),
(822, 145),
(823, 145),
(824, 146),
(825, 147),
(826, 147),
(827, 147),
(828, 147),
(829, 147),
(830, 147),
(831, 147),
(832, 147),
(833, 147),
(834, 148),
(835, 148),
(836, 148),
(837, 149),
(838, 150),
(839, 150),
(840, 151),
(841, 151),
(842, 152),
(843, 152),
(844, 153),
(845, 153),
(846, 153),
(847, 153),
(848, 154),
(849, 154),
(850, 154),
(851, 154),
(852, 154),
(853, 154),
(854, 155),
(855, 155),
(856, 155),
(857, 155),
(858, 155),
(859, 156),
(860, 156),
(861, 156),
(862, 157),
(863, 157),
(864, 157),
(865, 157),
(866, 157),
(867, 157),
(868, 157),
(869, 157),
(870, 157),
(871, 157),
(872, 157),
(873, 158),
(874, 158),
(875, 158),
(876, 158),
(877, 158),
(878, 158),
(879, 158),
(880, 158),
(881, 158),
(882, 158),
(883, 158),
(884, 158),
(885, 158),
(886, 158),
(887, 158),
(888, 158),
(889, 158),
(890, 158),
(891, 158),
(892, 158),
(893, 159),
(894, 159),
(895, 159),
(896, 159),
(897, 160),
(898, 160),
(899, 160),
(900, 160),
(901, 161),
(902, 161),
(903, 161),
(904, 161),
(905, 161),
(906, 161),
(907, 161),
(908, 162),
(909, 162),
(910, 162),
(911, 162),
(912, 162),
(913, 163),
(914, 163),
(915, 163),
(916, 163),
(917, 164),
(918, 164),
(919, 164),
(920, 165),
(921, 165),
(922, 165),
(923, 165),
(924, 165),
(925, 165),
(926, 165),
(927, 165),
(928, 165),
(929, 166),
(930, 166),
(931, 166),
(932, 166),
(933, 166),
(934, 166),
(935, 166),
(936, 166),
(937, 166),
(938, 166),
(939, 166),
(940, 166),
(941, 166),
(942, 166),
(943, 166),
(944, 166),
(945, 166),
(946, 166),
(947, 166),
(948, 166),
(949, 167),
(950, 167),
(951, 167),
(952, 168),
(953, 168),
(954, 168),
(955, 168),
(956, 168),
(957, 168),
(958, 168),
(959, 168),
(960, 168),
(961, 168),
(962, 168),
(963, 168),
(964, 168),
(965, 168),
(966, 168),
(967, 168),
(968, 168),
(969, 168),
(970, 168),
(971, 169),
(972, 169),
(973, 169),
(974, 169),
(975, 169),
(976, 169),
(977, 169),
(978, 169),
(979, 169),
(980, 169),
(981, 169),
(982, 169),
(983, 169),
(984, 169),
(985, 169),
(986, 169),
(987, 170),
(988, 170),
(989, 170),
(990, 170),
(991, 170),
(992, 170),
(993, 171),
(994, 171),
(995, 171),
(996, 171),
(997, 171),
(998, 171),
(999, 171),
(1000, 171),
(1001, 171),
(1002, 172),
(1003, 172),
(1004, 172),
(1005, 172),
(1006, 172),
(1007, 172),
(1008, 172),
(1009, 172),
(1010, 172),
(1011, 172),
(1012, 173),
(1013, 173),
(1014, 173),
(1015, 173),
(1016, 173),
(1017, 173),
(1018, 173),
(1019, 174),
(1020, 174),
(1021, 174),
(1022, 174),
(1023, 174),
(1024, 174),
(1025, 174),
(1026, 174),
(1027, 174),
(1028, 174),
(1029, 174),
(1030, 174),
(1031, 174),
(1032, 175),
(1033, 175),
(1034, 175),
(1035, 175),
(1036, 175),
(1037, 175),
(1038, 175),
(1039, 175),
(1040, 175),
(1041, 175),
(1042, 175),
(1043, 176),
(1044, 176),
(1045, 177),
(1046, 177),
(1047, 177),
(1048, 177),
(1049, 177),
(1050, 177),
(1051, 177),
(1052, 177),
(1053, 177),
(1054, 178),
(1055, 178),
(1056, 178),
(1057, 178),
(1058, 178),
(1059, 178),
(1060, 178),
(1061, 178),
(1062, 179),
(1063, 179),
(1064, 179),
(1065, 179),
(1066, 179),
(1067, 179),
(1068, 180),
(1069, 181),
(1070, 181),
(1071, 182),
(1072, 182),
(1073, 182),
(1074, 182),
(1075, 182),
(1076, 182),
(1077, 182),
(1078, 182),
(1079, 182),
(1080, 182),
(1081, 183),
(1082, 183),
(1083, 183),
(1084, 183),
(1085, 183),
(1086, 183),
(1087, 183),
(1088, 183),
(1089, 183),
(1090, 183),
(1091, 183),
(1092, 183),
(1093, 183),
(1094, 184),
(1095, 184),
(1096, 184),
(1097, 184),
(1098, 184),
(1099, 184),
(1100, 184),
(1101, 184),
(1102, 185),
(1103, 185),
(1104, 185),
(1105, 185),
(1106, 186),
(1107, 186),
(1108, 186),
(1109, 186),
(1110, 186),
(1111, 186),
(1112, 186),
(1113, 186),
(1114, 186),
(1115, 186),
(1116, 186),
(1117, 186),
(1118, 186),
(1119, 186),
(1120, 186),
(1121, 186),
(1122, 187),
(1123, 187),
(1124, 187),
(1125, 187),
(1126, 187),
(1127, 187),
(1128, 187),
(1129, 187),
(1130, 187),
(1131, 188),
(1132, 188),
(1133, 188),
(1134, 188),
(1135, 188),
(1136, 188),
(1137, 188),
(1138, 188),
(1139, 188),
(1140, 188),
(1141, 188),
(1142, 188),
(1143, 188),
(1144, 188),
(1145, 189),
(1146, 189),
(1147, 189),
(1148, 189),
(1149, 189),
(1150, 189),
(1151, 189),
(1152, 189),
(1153, 190),
(1154, 190),
(1155, 190),
(1156, 190),
(1157, 190),
(1158, 190),
(1159, 190),
(1160, 190),
(1161, 190),
(1162, 190),
(1163, 190),
(1164, 190),
(1165, 190),
(1166, 190),
(1167, 190),
(1168, 190),
(1169, 190),
(1170, 190),
(1171, 190),
(1172, 190),
(1173, 191),
(1174, 191),
(1175, 192),
(1176, 192),
(1177, 192),
(1178, 192),
(1179, 192),
(1180, 192),
(1181, 192),
(1182, 192),
(1183, 192),
(1184, 192),
(1185, 192),
(1186, 192),
(1187, 192),
(1188, 192),
(1189, 192),
(1190, 192),
(1191, 192),
(1192, 192),
(1193, 192),
(1194, 192),
(1195, 193),
(1196, 193),
(1197, 193),
(1198, 193),
(1199, 194),
(1200, 194),
(1201, 195),
(1202, 195),
(1203, 195),
(1204, 195),
(1205, 195),
(1206, 195),
(1207, 195),
(1208, 195),
(1209, 195),
(1210, 195),
(1211, 195),
(1212, 195),
(1213, 195),
(1214, 195),
(1215, 195),
(1216, 195),
(1217, 195),
(1218, 195),
(1219, 195),
(1220, 195),
(1221, 196),
(1222, 196),
(1223, 196),
(1224, 196),
(1225, 196),
(1226, 196),
(1227, 196),
(1228, 196),
(1229, 196),
(1230, 196),
(1231, 196),
(1232, 196),
(1233, 196),
(1234, 197),
(1235, 197),
(1236, 197),
(1237, 198),
(1238, 198),
(1239, 198),
(1240, 198),
(1241, 198),
(1242, 198),
(1243, 198),
(1244, 199),
(1245, 199),
(1246, 199),
(1247, 199),
(1248, 199),
(1249, 199),
(1250, 199),
(1251, 199),
(1252, 199),
(1253, 199),
(1254, 199),
(1255, 199),
(1256, 199),
(1257, 199),
(1258, 199),
(1259, 199),
(1260, 199),
(1261, 199),
(1262, 199),
(1263, 199),
(1264, 200),
(1265, 200),
(1266, 200),
(1267, 200),
(1268, 200),
(1269, 200),
(1270, 200),
(1271, 200),
(1272, 200),
(1273, 200),
(1274, 200),
(1275, 200),
(1276, 200),
(1277, 200),
(1278, 200),
(1279, 200),
(1280, 201),
(1281, 201),
(1282, 201),
(1283, 201),
(1284, 201),
(1285, 201),
(1286, 201),
(1287, 202),
(1288, 202),
(1289, 202),
(1290, 202),
(1291, 202),
(1292, 203),
(1293, 203),
(1294, 203),
(1295, 203),
(1296, 204),
(1297, 204),
(1298, 204),
(1299, 204),
(1300, 204),
(1301, 204),
(1302, 205),
(1303, 205),
(1304, 205),
(1305, 205),
(1306, 205),
(1307, 205),
(1308, 206),
(1309, 206),
(1310, 206),
(1311, 206),
(1312, 206),
(1313, 206),
(1314, 206),
(1315, 206),
(1316, 206),
(1317, 206),
(1318, 206),
(1319, 206),
(1320, 206),
(1321, 206),
(1322, 206),
(1323, 206),
(1324, 207),
(1325, 207),
(1326, 207),
(1327, 207),
(1328, 207),
(1329, 207),
(1330, 207),
(1331, 207),
(1332, 208),
(1333, 208),
(1334, 208),
(1335, 208),
(1336, 209),
(1337, 209),
(1338, 209),
(1339, 209),
(1340, 209),
(1341, 209),
(1342, 209),
(1343, 209),
(1344, 209),
(1345, 209),
(1346, 209),
(1347, 209),
(1348, 209),
(1349, 209),
(1350, 209),
(1351, 210),
(1352, 210),
(1353, 210),
(1354, 210),
(1355, 210),
(1356, 210),
(1357, 210),
(1358, 210),
(1359, 210),
(1360, 210),
(1361, 210),
(1362, 210),
(1363, 210),
(1364, 210),
(1365, 210),
(1366, 210),
(1367, 210),
(1368, 210),
(1369, 210),
(1370, 210),
(1371, 211),
(1372, 211),
(1373, 211),
(1374, 211),
(1375, 211),
(1376, 211),
(1377, 211),
(1378, 211),
(1379, 211),
(1380, 211),
(1381, 211),
(1382, 211),
(1383, 211),
(1384, 211),
(1385, 211),
(1386, 211),
(1387, 212),
(1388, 212),
(1389, 213),
(1390, 213),
(1391, 213),
(1392, 213),
(1393, 214),
(1394, 214),
(1395, 214),
(1396, 214),
(1397, 214),
(1398, 214),
(1399, 214),
(1400, 214),
(1401, 214),
(1402, 214),
(1403, 214),
(1404, 214),
(1405, 215),
(1406, 215),
(1407, 215),
(1408, 215),
(1409, 215),
(1410, 215),
(1411, 216),
(1412, 216),
(1413, 217),
(1414, 217),
(1415, 217),
(1416, 217),
(1417, 217),
(1418, 217),
(1419, 217),
(1420, 217),
(1421, 217),
(1422, 217),
(1423, 217),
(1424, 217),
(1425, 217),
(1426, 217),
(1427, 217),
(1428, 217),
(1429, 217),
(1430, 217),
(1431, 217),
(1432, 217),
(1433, 218),
(1434, 218),
(1435, 218),
(1436, 218),
(1437, 218),
(1438, 218),
(1439, 218),
(1440, 219),
(1441, 219),
(1442, 219),
(1443, 220),
(1444, 220),
(1445, 221),
(1446, 221),
(1447, 221),
(1448, 221),
(1449, 221),
(1450, 221),
(1451, 222),
(1452, 222),
(1453, 222),
(1454, 222),
(1455, 222),
(1456, 222),
(1457, 222),
(1458, 222),
(1459, 222),
(1460, 222),
(1461, 222),
(1462, 222),
(1463, 222),
(1464, 223),
(1465, 223),
(1466, 224),
(1467, 224),
(1468, 224),
(1469, 224),
(1470, 224),
(1471, 224),
(1472, 224),
(1473, 224),
(1474, 224),
(1475, 224),
(1476, 224),
(1477, 224),
(1478, 224),
(1479, 224),
(1480, 224),
(1481, 224),
(1482, 224),
(1483, 224),
(1484, 224),
(1485, 224),
(1486, 225),
(1487, 226),
(1488, 226),
(1489, 226),
(1490, 226),
(1491, 226),
(1492, 226),
(1493, 226),
(1494, 226),
(1495, 227),
(1496, 227),
(1497, 227),
(1498, 228),
(1499, 228),
(1500, 228),
(1501, 228),
(1502, 228),
(1503, 228),
(1504, 228),
(1505, 228),
(1506, 229),
(1507, 229),
(1508, 229),
(1509, 230),
(1510, 230),
(1511, 230),
(1512, 230),
(1513, 230),
(1514, 230),
(1515, 230),
(1516, 230),
(1517, 230),
(1518, 231),
(1519, 231),
(1520, 231),
(1521, 231),
(1522, 231),
(1523, 231),
(1524, 231),
(1525, 231),
(1526, 231),
(1527, 231),
(1528, 231),
(1529, 231),
(1530, 232),
(1531, 232),
(1532, 232),
(1533, 232),
(1534, 232),
(1535, 233),
(1536, 233),
(1537, 233),
(1538, 234),
(1539, 234),
(1540, 234),
(1541, 235),
(1542, 235),
(1543, 235),
(1544, 235),
(1545, 236),
(1546, 236),
(1547, 236),
(1548, 236),
(1549, 236),
(1550, 236),
(1551, 237),
(1552, 237),
(1553, 237),
(1554, 237),
(1555, 237),
(1556, 237),
(1557, 238),
(1558, 238),
(1559, 238),
(1560, 238),
(1561, 238),
(1562, 238),
(1563, 238),
(1564, 238),
(1565, 238),
(1566, 238),
(1567, 238),
(1568, 238),
(1569, 238),
(1570, 239),
(1571, 239),
(1572, 239),
(1573, 239),
(1574, 240),
(1575, 240),
(1576, 240),
(1577, 240),
(1578, 240),
(1579, 240),
(1580, 240),
(1581, 241),
(1582, 241),
(1583, 241),
(1584, 242),
(1585, 242),
(1586, 242),
(1587, 242),
(1588, 242),
(1589, 242),
(1590, 242),
(1591, 243),
(1592, 244),
(1593, 244),
(1594, 245),
(1595, 245),
(1596, 246),
(1597, 246),
(1598, 247),
(1599, 247),
(1600, 247),
(1601, 247),
(1602, 247),
(1603, 247),
(1604, 247),
(1605, 247),
(1606, 247),
(1607, 247),
(1608, 247),
(1609, 247),
(1610, 247),
(1611, 247),
(1612, 247),
(1613, 247),
(1614, 247),
(1615, 247),
(1616, 248),
(1617, 248),
(1618, 248),
(1619, 248),
(1620, 248),
(1621, 248),
(1622, 248),
(1623, 248),
(1624, 248),
(1625, 248),
(1626, 249),
(1627, 249),
(1628, 249),
(1629, 249),
(1630, 249),
(1631, 250),
(1632, 250),
(1633, 250),
(1634, 250),
(1635, 250),
(1636, 250),
(1637, 250),
(1638, 250),
(1639, 250),
(1640, 250),
(1641, 250),
(1642, 250),
(1643, 250),
(1644, 250),
(1645, 250),
(1646, 250),
(1647, 250),
(1648, 250),
(1649, 250),
(1650, 251),
(1651, 251),
(1652, 251),
(1653, 251),
(1654, 251),
(1655, 251),
(1656, 252),
(1657, 252),
(1658, 252),
(1659, 253),
(1660, 253),
(1661, 254),
(1662, 254),
(1663, 254),
(1664, 255),
(1665, 255),
(1666, 255),
(1667, 255),
(1668, 256),
(1669, 256),
(1670, 256),
(1671, 257),
(1672, 257),
(1673, 257),
(1674, 257),
(1675, 257),
(1676, 258),
(1677, 258),
(1678, 259),
(1679, 259),
(1680, 259),
(1681, 259),
(1682, 259),
(1683, 259),
(1684, 260),
(1685, 260),
(1686, 260),
(1687, 260),
(1688, 260),
(1689, 260),
(1690, 260),
(1691, 260),
(1692, 260),
(1693, 260),
(1694, 260),
(1695, 260),
(1696, 260),
(1697, 261),
(1698, 261),
(1699, 262),
(1700, 262),
(1701, 262),
(1702, 262),
(1703, 262),
(1704, 262),
(1705, 262),
(1706, 262),
(1707, 263),
(1708, 263),
(1709, 263),
(1710, 263),
(1711, 263),
(1712, 264),
(1713, 264),
(1714, 264),
(1715, 264),
(1716, 264),
(1717, 265),
(1718, 265),
(1719, 265),
(1720, 266),
(1721, 266),
(1722, 266),
(1723, 267),
(1724, 267),
(1725, 267),
(1726, 267),
(1727, 267),
(1728, 267),
(1729, 267),
(1730, 267),
(1731, 267),
(1732, 267),
(1733, 267),
(1734, 267),
(1735, 267),
(1736, 267),
(1737, 268),
(1738, 268),
(1739, 268),
(1740, 268),
(1741, 268),
(1742, 268),
(1743, 269),
(1744, 269),
(1745, 269),
(1746, 269),
(1747, 269),
(1748, 269),
(1749, 269),
(1750, 269),
(1751, 270),
(1752, 270),
(1753, 270),
(1754, 270),
(1755, 270),
(1756, 270),
(1757, 271),
(1758, 271),
(1759, 271),
(1760, 271),
(1761, 271),
(1762, 271),
(1763, 271),
(1764, 271),
(1765, 271),
(1766, 271),
(1767, 271),
(1768, 271),
(1769, 271),
(1770, 271),
(1771, 271),
(1772, 271),
(1773, 271),
(1774, 271),
(1775, 271),
(1776, 271),
(1777, 272),
(1778, 272),
(1779, 273),
(1780, 273),
(1781, 273),
(1782, 273),
(1783, 273),
(1784, 273),
(1785, 273),
(1786, 273),
(1787, 274),
(1788, 274),
(1789, 274),
(1790, 274),
(1791, 274),
(1792, 274),
(1793, 274),
(1794, 274),
(1795, 274),
(1796, 275),
(1797, 275),
(1798, 275),
(1799, 275),
(1800, 275),
(1801, 275),
(1802, 275),
(1803, 275),
(1804, 275),
(1805, 275),
(1806, 275),
(1807, 275),
(1808, 275),
(1809, 275),
(1810, 275),
(1811, 275),
(1812, 276),
(1813, 276),
(1814, 276),
(1815, 276),
(1816, 276),
(1817, 276),
(1818, 276),
(1819, 276),
(1820, 277),
(1821, 277),
(1822, 277),
(1823, 277),
(1824, 277),
(1825, 277),
(1826, 277),
(1827, 277),
(1828, 277),
(1829, 277),
(1830, 277),
(1831, 278),
(1832, 278),
(1833, 278),
(1834, 278),
(1835, 279),
(1836, 279),
(1837, 279),
(1838, 279),
(1839, 279),
(1840, 280),
(1841, 280),
(1842, 280),
(1843, 280),
(1844, 280),
(1845, 280),
(1846, 281),
(1847, 281),
(1848, 281),
(1849, 281),
(1850, 282),
(1851, 282),
(1852, 282),
(1853, 282),
(1854, 283),
(1855, 283),
(1856, 283),
(1857, 283),
(1858, 283),
(1859, 283),
(1860, 283),
(1861, 283),
(1862, 284),
(1863, 284),
(1864, 284),
(1865, 284),
(1866, 284),
(1867, 285),
(1868, 285),
(1869, 285),
(1870, 286),
(1871, 286),
(1872, 286),
(1873, 286),
(1874, 287),
(1875, 287),
(1876, 287),
(1877, 287),
(1878, 288),
(1879, 288),
(1880, 288),
(1881, 288),
(1882, 288),
(1883, 288),
(1884, 289),
(1885, 289),
(1886, 290),
(1887, 291),
(1888, 292),
(1889, 292),
(1890, 292),
(1891, 293),
(1892, 293),
(1893, 293),
(1894, 293),
(1895, 293),
(1896, 293),
(1897, 293),
(1898, 293),
(1899, 294),
(1900, 294),
(1901, 294),
(1902, 294),
(1903, 294),
(1904, 294),
(1905, 294),
(1906, 294),
(1907, 294),
(1908, 294),
(1909, 294),
(1910, 294),
(1911, 294),
(1912, 295),
(1913, 295),
(1914, 295),
(1915, 296),
(1916, 296),
(1917, 296),
(1918, 297),
(1919, 297),
(1920, 297),
(1921, 297),
(1922, 297),
(1923, 297),
(1924, 297),
(1925, 297),
(1926, 297),
(1927, 297),
(1928, 297),
(1929, 297),
(1930, 297),
(1931, 297),
(1932, 297),
(1933, 298),
(1934, 298),
(1935, 298),
(1936, 298),
(1937, 298),
(1938, 298),
(1939, 298),
(1940, 298),
(1941, 299),
(1942, 299),
(1943, 299),
(1944, 300),
(1945, 300),
(1946, 300),
(1947, 300),
(1948, 301),
(1949, 301),
(1950, 301),
(1951, 301),
(1952, 301),
(1953, 301),
(1954, 301),
(1955, 301),
(1956, 301),
(1957, 301),
(1958, 301),
(1959, 302),
(1960, 302),
(1961, 302),
(1962, 302),
(1963, 302),
(1964, 302),
(1965, 302),
(1966, 302),
(1967, 302),
(1968, 302),
(1969, 302),
(1970, 302),
(1971, 302),
(1972, 302),
(1973, 302),
(1974, 302),
(1975, 303),
(1976, 303),
(1977, 303),
(1978, 303),
(1979, 304),
(1980, 304),
(1981, 304),
(1982, 304),
(1983, 304),
(1984, 304),
(1985, 304),
(1986, 304),
(1987, 304),
(1988, 304),
(1989, 305),
(1990, 305),
(1991, 305),
(1992, 305),
(1993, 305),
(1994, 305),
(1995, 305),
(1996, 305),
(1997, 305),
(1998, 305),
(1999, 305),
(2000, 305),
(2001, 305),
(2002, 305),
(2003, 305),
(2004, 305),
(2005, 305),
(2006, 305),
(2007, 305),
(2008, 306),
(2009, 306),
(2010, 306),
(2011, 306),
(2012, 306),
(2013, 306),
(2014, 306),
(2015, 306),
(2016, 306),
(2017, 306),
(2018, 306),
(2019, 306),
(2020, 306),
(2021, 306),
(2022, 307),
(2023, 307),
(2024, 307),
(2025, 307),
(2026, 307),
(2027, 307),
(2028, 307),
(2029, 307),
(2030, 307),
(2031, 308),
(2032, 308),
(2033, 308),
(2034, 308),
(2035, 308),
(2036, 308),
(2037, 308),
(2038, 308),
(2039, 309),
(2040, 309),
(2041, 309),
(2042, 309),
(2043, 309),
(2044, 310),
(2045, 310),
(2046, 310),
(2047, 310),
(2048, 310),
(2049, 311),
(2050, 311),
(2051, 311),
(2052, 311),
(2053, 311),
(2054, 311),
(2055, 312),
(2056, 312),
(2057, 312),
(2058, 312),
(2059, 312),
(2060, 312),
(2061, 312),
(2062, 312),
(2063, 313),
(2064, 313),
(2065, 313),
(2066, 313),
(2067, 313),
(2068, 313),
(2069, 313),
(2070, 313),
(2071, 314),
(2072, 314),
(2073, 314),
(2074, 314),
(2075, 314),
(2076, 314),
(2077, 314),
(2078, 315),
(2079, 315),
(2080, 315),
(2081, 315),
(2082, 315),
(2083, 315),
(2084, 315),
(2085, 315),
(2086, 316),
(2087, 316),
(2088, 316),
(2089, 316),
(2090, 316),
(2091, 316),
(2092, 316),
(2093, 317),
(2094, 317),
(2095, 317),
(2096, 317),
(2097, 318),
(2098, 318),
(2099, 318),
(2100, 318),
(2101, 319),
(2102, 319),
(2103, 319),
(2104, 320),
(2105, 320),
(2106, 320),
(2107, 320),
(2108, 321),
(2109, 322),
(2110, 322),
(2111, 322),
(2112, 322),
(2113, 323),
(2114, 323),
(2115, 323),
(2116, 324),
(2117, 324),
(2118, 324),
(2119, 325),
(2120, 325),
(2121, 326),
(2122, 326),
(2123, 326),
(2124, 327),
(2125, 327),
(2126, 327),
(2127, 327),
(2128, 327),
(2129, 327),
(2130, 328),
(2131, 328),
(2132, 328),
(2133, 328),
(2134, 329),
(2135, 330),
(2136, 330),
(2137, 330),
(2138, 330),
(2139, 331),
(2140, 331),
(2141, 331),
(2142, 331),
(2143, 332),
(2144, 332),
(2145, 332),
(2146, 332),
(2147, 332),
(2148, 332),
(2149, 332),
(2150, 332),
(2151, 332),
(2152, 332),
(2153, 332),
(2154, 332),
(2155, 333),
(2156, 333),
(2157, 333),
(2158, 333),
(2159, 333),
(2160, 333),
(2161, 333),
(2162, 334),
(2163, 334),
(2164, 334),
(2165, 334),
(2166, 334),
(2167, 334),
(2168, 334),
(2169, 334),
(2170, 334),
(2171, 334),
(2172, 334),
(2173, 334),
(2174, 334),
(2175, 334),
(2176, 334),
(2177, 334),
(2178, 335),
(2179, 335),
(2180, 335),
(2181, 335),
(2182, 335),
(2183, 335),
(2184, 335),
(2185, 335),
(2186, 335),
(2187, 335),
(2188, 335),
(2189, 335),
(2190, 336),
(2191, 336),
(2192, 336),
(2193, 336),
(2194, 336),
(2195, 336),
(2196, 336),
(2197, 337),
(2198, 337),
(2199, 337),
(2200, 337),
(2201, 337),
(2202, 337),
(2203, 337),
(2204, 337),
(2205, 337),
(2206, 337),
(2207, 337),
(2208, 337),
(2209, 337),
(2210, 337),
(2211, 337),
(2212, 337),
(2213, 337),
(2214, 337),
(2215, 337),
(2216, 337),
(2217, 338),
(2218, 338),
(2219, 338),
(2220, 338),
(2221, 338),
(2222, 338),
(2223, 338),
(2224, 338),
(2225, 338),
(2226, 338),
(2227, 338),
(2228, 338),
(2229, 338),
(2230, 338),
(2231, 338),
(2232, 338),
(2233, 338),
(2234, 339),
(2235, 339),
(2236, 339),
(2237, 339),
(2238, 339),
(2239, 339),
(2240, 339),
(2241, 339),
(2242, 339),
(2243, 339),
(2244, 339),
(2245, 339),
(2246, 339),
(2247, 339),
(2248, 339),
(2249, 340),
(2250, 340),
(2251, 340),
(2252, 340),
(2253, 340),
(2254, 340),
(2255, 340),
(2256, 340),
(2257, 340),
(2258, 340),
(2259, 341),
(2260, 341),
(2261, 341),
(2262, 341),
(2263, 341),
(2264, 341),
(2265, 341),
(2266, 341),
(2267, 341),
(2268, 341),
(2269, 341),
(2270, 341),
(2271, 341),
(2272, 341),
(2273, 341),
(2274, 341),
(2275, 341),
(2276, 341),
(2277, 341),
(2278, 341),
(2279, 342),
(2280, 342),
(2281, 343),
(2282, 343),
(2283, 343),
(2284, 343),
(2285, 343),
(2286, 344),
(2287, 344),
(2288, 344),
(2289, 344),
(2290, 344),
(2291, 344),
(2292, 344),
(2293, 344),
(2294, 345),
(2295, 345),
(2296, 345),
(2297, 345),
(2298, 345),
(2299, 345),
(2300, 345),
(2301, 345),
(2302, 346),
(2303, 346),
(2304, 347),
(2305, 347),
(2306, 347),
(2307, 347),
(2308, 347),
(2309, 347),
(2310, 347),
(2311, 348),
(2312, 348),
(2313, 349),
(2314, 349),
(2315, 349),
(2316, 349),
(2317, 349),
(2318, 349),
(2319, 349),
(2320, 349),
(2321, 349),
(2322, 349),
(2323, 350),
(2324, 350),
(2325, 350),
(2326, 350),
(2327, 351),
(2328, 351),
(2329, 351),
(2330, 351),
(2331, 351),
(2332, 351),
(2333, 351),
(2334, 351),
(2335, 351),
(2336, 351),
(2337, 351),
(2338, 352),
(2339, 352),
(2340, 352),
(2341, 352),
(2342, 352),
(2343, 352),
(2344, 352),
(2345, 352),
(2346, 352),
(2347, 352),
(2348, 352),
(2349, 352),
(2350, 352),
(2351, 353),
(2352, 353),
(2353, 353),
(2354, 353),
(2355, 353),
(2356, 353),
(2357, 353),
(2358, 353),
(2359, 353),
(2360, 353),
(2361, 354),
(2362, 354),
(2363, 354),
(2364, 354),
(2365, 354),
(2366, 354),
(2367, 354),
(2368, 354),
(2369, 354),
(2370, 354),
(2371, 354),
(2372, 354),
(2373, 354),
(2374, 355),
(2375, 355),
(2376, 355),
(2377, 355),
(2378, 355),
(2379, 355),
(2380, 355),
(2381, 355),
(2382, 355),
(2383, 355),
(2384, 355),
(2385, 355),
(2386, 355),
(2387, 355),
(2388, 355),
(2389, 355),
(2390, 355),
(2391, 355),
(2392, 356),
(2393, 356),
(2394, 356),
(2395, 356),
(2396, 356),
(2397, 356),
(2398, 356),
(2399, 357),
(2400, 357),
(2401, 357),
(2402, 357),
(2403, 357),
(2404, 358),
(2405, 358),
(2406, 359),
(2407, 359),
(2408, 359),
(2409, 359),
(2410, 360),
(2411, 360),
(2412, 360),
(2413, 361),
(2414, 361),
(2415, 361),
(2416, 361),
(2417, 361),
(2418, 362),
(2419, 362),
(2420, 362),
(2421, 362),
(2422, 362),
(2423, 363),
(2424, 363),
(2425, 363),
(2426, 363),
(2427, 363),
(2428, 363),
(2429, 363),
(2430, 364),
(2431, 364),
(2432, 364),
(2433, 364),
(2434, 364),
(2435, 365),
(2436, 365),
(2437, 365),
(2438, 365),
(2439, 366),
(2440, 366),
(2441, 366),
(2442, 366),
(2443, 366),
(2444, 366),
(2445, 366),
(2446, 366),
(2447, 367),
(2448, 367),
(2449, 367),
(2450, 367),
(2451, 367),
(2452, 367),
(2453, 367),
(2454, 368),
(2455, 368),
(2456, 368),
(2457, 368),
(2458, 368),
(2459, 368),
(2460, 368),
(2461, 368),
(2462, 369),
(2463, 369),
(2464, 369),
(2465, 369),
(2466, 369),
(2467, 369),
(2468, 369),
(2469, 369),
(2470, 369),
(2471, 370),
(2472, 370),
(2473, 371),
(2474, 371),
(2475, 371),
(2476, 371),
(2477, 371),
(2478, 371),
(2479, 371),
(2480, 371),
(2481, 371),
(2482, 371),
(2483, 371),
(2484, 371),
(2485, 371),
(2486, 371),
(2487, 371),
(2488, 371),
(2489, 371),
(2490, 371),
(2491, 371),
(2492, 371),
(2493, 372),
(2494, 372),
(2495, 372),
(2496, 372),
(2497, 373),
(2498, 374),
(2499, 374),
(2500, 374),
(2501, 374),
(2502, 374),
(2503, 374),
(2504, 374),
(2505, 374),
(2506, 374),
(2507, 374),
(2508, 375),
(2509, 375),
(2510, 376),
(2511, 376),
(2512, 376),
(2513, 377),
(2514, 377),
(2515, 377),
(2516, 377),
(2517, 377),
(2518, 377),
(2519, 377),
(2520, 377),
(2521, 377),
(2522, 377),
(2523, 377),
(2524, 377),
(2525, 377),
(2526, 377),
(2527, 377),
(2528, 377),
(2529, 377),
(2530, 377),
(2531, 377),
(2532, 377),
(2533, 378),
(2534, 378),
(2535, 378),
(2536, 378),
(2537, 378),
(2538, 378),
(2539, 378),
(2540, 379),
(2541, 379),
(2542, 379),
(2543, 379),
(2544, 379),
(2545, 379),
(2546, 379),
(2547, 379),
(2548, 379),
(2549, 379),
(2550, 379),
(2551, 379),
(2552, 379),
(2553, 380),
(2554, 381),
(2555, 381),
(2556, 381),
(2557, 381),
(2558, 381),
(2559, 381),
(2560, 381),
(2561, 381),
(2562, 381),
(2563, 381),
(2564, 381),
(2565, 381),
(2566, 381),
(2567, 382),
(2568, 382),
(2569, 382),
(2570, 382),
(2571, 382),
(2572, 382),
(2573, 382),
(2574, 382),
(2575, 382),
(2576, 382),
(2577, 383),
(2578, 383),
(2579, 383),
(2580, 383),
(2581, 383),
(2582, 383),
(2583, 384),
(2584, 384),
(2585, 384),
(2586, 384),
(2587, 384),
(2588, 384),
(2589, 384),
(2590, 384),
(2591, 384),
(2592, 384),
(2593, 384),
(2594, 385),
(2595, 385),
(2596, 386),
(2597, 387),
(2598, 388),
(2599, 388),
(2600, 388),
(2601, 388),
(2602, 388),
(2603, 389),
(2604, 389),
(2605, 389),
(2606, 389),
(2607, 390),
(2608, 391),
(2609, 392),
(2610, 393),
(2611, 393),
(2612, 393),
(2613, 393),
(2614, 393),
(2615, 393),
(2616, 393),
(2617, 393),
(2618, 393),
(2619, 393),
(2620, 394),
(2621, 394),
(2622, 394),
(2623, 394),
(2624, 395),
(2625, 395),
(2626, 396),
(2627, 396),
(2628, 397),
(2629, 397),
(2630, 397),
(2631, 397),
(2632, 397),
(2633, 397),
(2634, 397),
(2635, 397),
(2636, 397),
(2637, 397),
(2638, 398),
(2639, 398),
(2640, 398),
(2641, 399),
(2642, 400),
(2643, 400),
(2644, 400),
(2645, 400),
(2646, 400),
(2647, 400),
(2648, 400),
(2649, 400),
(2650, 400),
(2651, 400),
(2652, 401),
(2653, 402),
(2654, 402),
(2655, 402),
(2656, 402),
(2657, 402),
(2658, 402),
(2659, 403),
(2660, 403),
(2661, 403),
(2662, 404),
(2663, 405),
(2664, 406),
(2665, 407),
(2666, 408),
(2667, 409),
(2668, 410),
(2669, 411),
(2670, 412),
(2671, 413),
(2672, 414),
(2673, 415),
(2674, 416),
(2675, 417),
(2676, 417),
(2677, 418),
(2678, 419),
(2679, 420),
(2680, 421),
(2681, 422),
(2682, 423),
(2683, 424),
(2684, 425),
(2685, 425),
(2686, 425),
(2687, 425),
(2688, 425),
(2689, 425),
(2690, 425),
(2691, 425),
(2692, 425),
(2693, 426),
(2694, 426),
(2695, 426),
(2696, 427),
(2697, 427),
(2698, 428),
(2699, 428),
(2700, 429),
(2701, 429),
(2702, 429),
(2703, 429),
(2704, 429),
(2705, 429),
(2706, 429),
(2707, 429),
(2708, 429),
(2709, 430),
(2710, 430),
(2711, 430),
(2712, 431),
(2713, 432),
(2714, 432),
(2715, 433),
(2716, 433),
(2717, 434),
(2718, 434),
(2719, 435),
(2720, 435),
(2721, 436),
(2722, 437),
(2723, 437),
(2724, 438),
(2725, 438),
(2726, 438),
(2727, 438),
(2728, 439),
(2729, 439),
(2730, 439),
(2731, 439),
(2732, 439),
(2733, 439),
(2734, 439),
(2735, 440),
(2736, 440),
(2737, 440),
(2738, 440),
(2739, 441),
(2740, 441),
(2741, 441),
(2742, 442),
(2743, 442),
(2744, 442),
(2745, 442),
(2746, 443),
(2747, 443),
(2748, 443),
(2749, 443),
(2750, 443),
(2751, 443),
(2752, 443),
(2753, 443),
(2754, 444),
(2755, 445),
(2756, 445),
(2757, 445),
(2758, 445),
(2759, 446),
(2760, 446),
(2761, 447),
(2762, 447),
(2763, 447),
(2764, 447),
(2765, 447),
(2766, 447),
(2767, 447),
(2768, 448),
(2769, 448),
(2770, 448),
(2771, 448),
(2772, 448),
(2773, 448),
(2774, 448),
(2775, 448),
(2776, 448),
(2777, 449),
(2778, 449),
(2779, 450),
(2780, 450),
(2781, 450),
(2782, 450),
(2783, 451),
(2784, 451),
(2785, 451),
(2786, 451),
(2787, 451),
(2788, 451),
(2789, 452),
(2790, 453),
(2791, 453),
(2792, 454),
(2793, 455),
(2794, 456),
(2795, 457),
(2796, 458),
(2797, 458),
(2798, 459),
(2799, 460),
(2800, 460),
(2801, 461),
(2802, 462),
(2803, 462),
(2804, 462),
(2805, 462),
(2806, 462),
(2807, 462),
(2808, 462),
(2809, 462),
(2810, 462),
(2811, 462),
(2812, 462),
(2813, 462),
(2814, 462),
(2815, 462),
(2816, 462),
(2817, 462),
(2818, 462),
(2819, 462),
(2820, 462),
(2821, 462),
(2822, 463),
(2823, 464),
(2824, 465),
(2825, 465),
(2826, 465),
(2827, 465),
(2828, 466),
(2829, 466),
(2830, 467),
(2831, 468),
(2832, 468),
(2833, 468),
(2834, 468),
(2835, 468),
(2836, 468),
(2837, 468),
(2838, 468),
(2839, 468),
(2840, 468),
(2841, 468),
(2842, 468),
(2843, 468),
(2844, 468),
(2845, 468),
(2846, 468),
(2847, 468),
(2848, 468),
(2849, 468),
(2850, 468),
(2851, 469),
(2852, 469),
(2853, 469),
(2854, 469),
(2855, 469),
(2856, 469),
(2857, 469),
(2858, 470),
(2859, 470),
(2860, 471),
(2861, 472),
(2862, 472),
(2863, 473),
(2864, 473),
(2865, 474),
(2866, 474),
(2867, 475),
(2868, 476),
(2869, 476),
(2870, 477),
(2871, 478),
(2872, 479),
(2873, 480),
(2874, 481),
(2875, 481),
(2876, 482),
(2877, 482),
(2878, 483),
(2879, 484),
(2880, 485),
(2881, 485),
(2882, 486),
(2883, 487),
(2884, 487),
(2885, 487),
(2886, 488),
(2887, 488),
(2888, 488),
(2889, 488),
(2890, 489),
(2891, 489),
(2892, 490),
(2893, 490),
(2894, 491),
(2895, 491),
(2896, 492),
(2897, 492),
(2898, 492),
(2899, 492),
(2900, 492),
(2901, 492),
(2902, 493),
(2903, 494),
(2904, 494),
(2905, 495),
(2906, 496),
(2907, 497),
(2908, 497),
(2909, 498),
(2910, 498),
(2911, 498),
(2912, 498),
(2913, 499),
(2914, 500),
(2915, 500),
(2916, 500),
(2917, 500),
(2918, 500),
(2919, 500),
(2920, 500),
(2921, 500),
(2922, 501),
(2923, 502),
(2924, 502),
(2925, 502),
(2926, 503),
(2927, 504),
(2928, 505),
(2929, 505),
(2930, 505),
(2931, 505),
(2932, 505),
(2933, 505),
(2934, 505),
(2935, 506),
(2936, 506),
(2937, 506),
(2938, 507),
(2939, 508),
(2940, 508),
(2941, 509),
(2942, 510),
(2943, 510),
(2944, 511),
(2945, 511),
(2946, 512),
(2947, 512),
(2948, 513),
(2949, 513),
(2950, 514),
(2951, 514),
(2952, 514),
(2953, 515),
(2954, 515),
(2955, 516),
(2956, 517),
(2957, 517),
(2958, 517),
(2959, 517),
(2960, 517),
(2961, 518),
(2962, 518),
(2963, 518),
(2964, 518),
(2965, 518),
(2966, 518),
(2967, 518),
(2968, 518),
(2969, 518),
(2970, 518),
(2971, 518),
(2972, 518),
(2973, 518),
(2974, 519),
(2975, 520),
(2976, 520),
(2977, 520),
(2978, 521),
(2979, 522),
(2980, 522),
(2981, 523),
(2982, 523),
(2983, 523),
(2984, 523),
(2985, 523),
(2986, 523),
(2987, 523),
(2988, 523),
(2989, 523),
(2990, 523),
(2991, 523),
(2992, 523),
(2993, 523),
(2994, 523),
(2995, 523),
(2996, 523),
(2997, 523),
(2998, 523),
(2999, 523),
(3000, 523),
(3001, 524),
(3002, 525),
(3003, 526),
(3004, 527),
(3005, 527),
(3006, 527),
(3007, 527),
(3008, 528),
(3009, 528),
(3010, 528),
(3011, 528),
(3012, 529),
(3013, 529),
(3014, 529),
(3015, 529),
(3016, 529),
(3017, 530),
(3018, 530),
(3019, 531),
(3020, 531),
(3021, 532),
(3022, 532),
(3023, 532),
(3024, 533),
(3025, 533),
(3026, 533),
(3027, 533),
(3028, 534),
(3029, 534),
(3030, 535),
(3031, 536),
(3032, 536),
(3033, 536),
(3034, 537),
(3035, 538),
(3036, 538),
(3037, 538),
(3038, 538),
(3039, 539),
(3040, 539),
(3041, 539),
(3042, 539),
(3043, 539),
(3044, 540),
(3045, 540),
(3046, 541),
(3047, 541),
(3048, 541),
(3049, 541),
(3050, 541),
(3051, 542),
(3052, 542),
(3053, 542),
(3054, 543),
(3055, 543),
(3056, 543),
(3057, 543),
(3058, 543),
(3059, 543),
(3060, 543),
(3061, 543),
(3062, 543),
(3063, 543),
(3064, 543),
(3065, 543),
(3066, 543),
(3067, 544),
(3068, 544),
(3069, 544),
(3070, 544),
(3071, 545),
(3072, 545),
(3073, 545),
(3074, 545),
(3075, 546),
(3076, 547),
(3077, 548),
(3078, 549),
(3079, 549),
(3080, 550),
(3081, 550),
(3082, 551),
(3083, 552),
(3084, 553),
(3085, 553),
(3086, 554),
(3087, 555),
(3088, 555),
(3089, 555),
(3090, 556),
(3091, 556),
(3092, 556),
(3093, 557),
(3094, 557),
(3095, 557),
(3096, 557),
(3097, 558),
(3098, 559),
(3099, 559),
(3100, 559),
(3101, 559),
(3102, 559),
(3103, 559),
(3104, 559),
(3105, 559),
(3106, 559),
(3107, 559),
(3108, 559),
(3109, 559),
(3110, 559),
(3111, 559),
(3112, 559),
(3113, 560),
(3114, 560),
(3115, 560),
(3116, 560),
(3117, 562),
(3118, 563),
(3119, 564),
(3120, 564),
(3121, 564),
(3122, 564),
(3123, 564),
(3124, 565),
(3125, 565),
(3126, 565),
(3127, 566),
(3128, 566),
(3129, 567),
(3130, 568),
(3131, 568),
(3132, 568),
(3133, 569),
(3134, 569),
(3135, 570),
(3136, 570),
(3137, 570),
(3138, 571),
(3139, 571),
(3140, 571),
(3141, 571),
(3142, 571),
(3143, 571),
(3144, 572),
(3145, 573),
(3146, 573),
(3147, 574),
(3148, 575),
(3149, 576),
(3150, 576),
(3151, 577),
(3152, 578),
(3153, 578),
(3154, 579),
(3155, 579),
(3156, 580),
(3157, 580),
(3158, 581),
(3159, 582),
(3160, 582),
(3161, 582),
(3162, 582),
(3163, 582),
(3164, 584),
(3165, 586),
(3166, 586),
(3167, 586),
(3168, 587),
(3169, 587),
(3170, 587),
(3171, 588),
(3172, 588),
(3173, 588),
(3174, 588),
(3175, 588),
(3176, 589),
(3177, 589),
(3178, 589),
(3179, 589),
(3180, 589),
(3181, 589),
(3182, 589),
(3183, 590),
(3184, 590),
(3185, 590),
(3186, 590),
(3187, 591),
(3188, 591),
(3189, 591),
(3190, 592),
(3191, 593),
(3192, 594),
(3193, 595),
(3194, 596),
(3195, 597),
(3196, 598),
(3197, 598),
(3198, 599),
(3199, 599),
(3200, 599),
(3201, 600),
(3202, 601),
(3203, 601),
(3204, 601),
(3205, 602),
(3206, 602),
(3207, 603),
(3208, 603),
(3209, 603),
(3210, 604),
(3211, 605),
(3212, 606),
(3213, 607),
(3214, 608),
(3215, 608),
(3216, 608),
(3217, 608),
(3218, 609),
(3219, 610),
(3220, 611),
(3221, 611),
(3222, 612),
(3223, 612),
(3224, 613),
(3225, 613),
(3226, 613),
(3227, 614),
(3228, 615),
(3229, 615),
(3230, 616),
(3231, 617),
(3232, 617),
(3233, 619),
(3234, 620),
(3235, 621),
(3236, 622),
(3237, 623),
(3238, 624),
(3239, 624),
(3240, 625),
(3241, 625),
(3242, 626),
(3243, 627),
(3244, 628),
(3245, 629),
(3246, 630),
(3247, 631),
(3248, 632),
(3249, 633),
(3250, 633),
(3251, 634),
(3252, 634),
(3253, 634),
(3254, 634),
(3255, 634),
(3256, 634),
(3257, 634),
(3258, 635),
(3259, 635);

-- --------------------------------------------------------

--
-- Cấu trúc bảng cho bảng `image`
--

CREATE TABLE `image` (
  `id` int(11) NOT NULL,
  `duongdan` text NOT NULL,
  `ngaydang` varchar(15) NOT NULL
) ENGINE=InnoDB DEFAULT CHARSET=utf8;

--
-- Đang đổ dữ liệu cho bảng `image`
--

INSERT INTO `image` (`id`, `duongdan`, `ngaydang`) VALUES
(1, 'test_images/bed1.jpg', '2018-06-09'),
(2, 'test_images/bed2.jpg', '2018-06-09'),
(3, 'test_images/bed3.jpg', '2018-06-09'),
(4, 'test_images/bed4.jpg', '2018-06-09'),
(5, 'test_images/bed5.jpg', '2018-06-09'),
(6, 'test_images/bed6.jpg', '2018-06-09'),
(7, 'test_images/bed7.jpg', '2018-06-09'),
(8, 'test_images/bed8.jpg', '2018-06-09'),
(9, 'test_images/bed9.jpg', '2018-06-09'),
(10, 'test_images/book1.jpg', '2018-06-09'),
(11, 'test_images/book2.jpg', '2018-06-09'),
(12, 'test_images/book3.jpg', '2018-06-09'),
(13, 'test_images/book4.jpg', '2018-06-09'),
(14, 'test_images/book5.jpg', '2018-06-09'),
(15, 'test_images/cake1.jpg', '2018-06-09'),
(16, 'test_images/cake2.jpg', '2018-06-09'),
(17, 'test_images/cake3.jpg', '2018-06-09'),
(18, 'test_images/cake4.jpg', '2018-06-09'),
(19, 'test_images/cake5.jpg', '2018-06-09'),
(20, 'test_images/cake6.jpg', '2018-06-09'),
(21, 'test_images/cake7.jpg', '2018-06-09'),
(22, 'test_images/cake8.jpg', '2018-06-09'),
(23, 'test_images/cake9.jpg', '2018-06-09'),
(24, 'test_images/cell_phone1.jpg', '2018-06-09'),
(25, 'test_images/cell_phone2.jpg', '2018-06-09'),
(26, 'test_images/cell_phone3.jpg', '2018-06-09'),
(27, 'test_images/cell_phone4.jpg', '2018-06-09'),
(28, 'test_images/cell_phone5.jpg', '2018-06-09'),
(29, 'test_images/cell_phone6.jpg', '2018-06-09'),
(30, 'test_images/chair1.jpg', '2018-06-09'),
(31, 'test_images/chair2.jpg', '2018-06-09'),
(32, 'test_images/chair3.jpg', '2018-06-09'),
(33, 'test_images/chair4.jpg', '2018-06-09'),
(34, 'test_images/chair5.jpg', '2018-06-09'),
(35, 'test_images/chair6.jpg', '2018-06-09'),
(36, 'test_images/chair7.jpg', '2018-06-09'),
(37, 'test_images/chair8.jpg', '2018-06-09'),
(38, 'test_images/chair9.jpg', '2018-06-09'),
(39, 'test_images/clock1.jpg', '2018-06-09'),
(40, 'test_images/clock2.jpg', '2018-06-09'),
(41, 'test_images/clock3.jpg', '2018-06-09'),
(42, 'test_images/clock4.jpg', '2018-06-09'),
(43, 'test_images/clock5.jpg', '2018-06-09'),
(44, 'test_images/clock6.jpg', '2018-06-09'),
(45, 'test_images/clock7.jpg', '2018-06-09'),
(46, 'test_images/couch1.jpg', '2018-06-09'),
(47, 'test_images/couch2.jpg', '2018-06-09'),
(48, 'test_images/couch3.jpg', '2018-06-09'),
(49, 'test_images/couch4.jpg', '2018-06-09'),
(50, 'test_images/couch5.jpg', '2018-06-09'),
(51, 'test_images/couch6.jpg', '2018-06-09'),
(52, 'test_images/couch7.jpg', '2018-06-09'),
(53, 'test_images/couch8.jpg', '2018-06-09'),
(54, 'test_images/couch9.jpg', '2018-06-09'),
(55, 'test_images/dining_table1.jpg', '2018-06-09'),
(56, 'test_images/dining_table2.jpg', '2018-06-09'),
(57, 'test_images/dining_table3.jpg', '2018-06-09'),
(58, 'test_images/dining_table4.jpg', '2018-06-09'),
(59, 'test_images/dining_table5.jpg', '2018-06-09'),
(60, 'test_images/dining_table6.jpg', '2018-06-10'),
(61, 'test_images/dining_table7.jpg', '2018-06-10'),
(62, 'test_images/dining_table8.jpg', '2018-06-10'),
(63, 'test_images/hair_drier1.jpg', '2018-06-10'),
(64, 'test_images/hair_drier2.jpg', '2018-06-10'),
(65, 'test_images/hair_drier3.jpg', '2018-06-10'),
(66, 'test_images/hair_drier4.jpg', '2018-06-10'),
(67, 'test_images/keyboard1.jpg', '2018-06-10'),
(68, 'test_images/keyboard2.jpg', '2018-06-10'),
(69, 'test_images/keyboard3.jpg', '2018-06-10'),
(70, 'test_images/keyboard4.jpg', '2018-06-10'),
(71, 'test_images/keyboard6.jpg', '2018-06-10'),
(72, 'test_images/keyboard7.jpg', '2018-06-10'),
(73, 'test_images/keyboard5.jpg', '2018-06-10'),
(74, 'test_images/laptop1.jpg', '2018-06-10'),
(75, 'test_images/laptop2.jpg', '2018-06-10'),
(76, 'test_images/laptop3.jpg', '2018-06-10'),
(77, 'test_images/laptop4.jpg', '2018-06-10'),
(78, 'test_images/laptop5.jpg', '2018-06-10'),
(79, 'test_images/laptop6.jpg', '2018-06-10'),
(80, 'test_images/microwave1.jpg', '2018-06-10'),
(81, 'test_images/microwave2.jpg', '2018-06-10'),
(82, 'test_images/microwave3.jpg', '2018-06-10'),
(83, 'test_images/microwave4.jpg', '2018-06-10'),
(84, 'test_images/microwave5.jpg', '2018-06-10'),
(85, 'test_images/microwave6.jpg', '2018-06-10'),
(86, 'test_images/mouse1.jpg', '2018-06-10'),
(87, 'test_images/mouse2.jpg', '2018-06-10'),
(88, 'test_images/mouse3.jpg', '2018-06-10'),
(89, 'test_images/mouse4.jpg', '2018-06-10'),
(90, 'test_images/mouse5.jpg', '2018-06-10'),
(91, 'test_images/oven1.jpg', '2018-06-10'),
(92, 'test_images/oven2.jpg', '2018-06-10'),
(93, 'test_images/oven3.jpg', '2018-06-10'),
(94, 'test_images/oven4.jpg', '2018-06-10'),
(95, 'test_images/oven5.jpg', '2018-06-10'),
(96, 'test_images/potted_plant1.jpg', '2018-06-10'),
(97, 'test_images/potted_plant2.jpg', '2018-06-10'),
(98, 'test_images/potted_plant3.jpg', '2018-06-10'),
(99, 'test_images/potted_plant4.jpg', '2018-06-10'),
(100, 'test_images/potted_plant5.jpg', '2018-06-10'),
(101, 'test_images/potted_plant6.jpg', '2018-06-10'),
(102, 'test_images/potted_plant7.jpg', '2018-06-10'),
(103, 'test_images/potted_plant8.jpg', '2018-06-10'),
(104, 'test_images/potted_plant9.jpg', '2018-06-10'),
(105, 'test_images/refrigerator1.jpg', '2018-06-10'),
(106, 'test_images/refrigerator2.jpg', '2018-06-10'),
(107, 'test_images/refrigerator3.jpg', '2018-06-10'),
(108, 'test_images/refrigerator4.jpg', '2018-06-10'),
(109, 'test_images/refrigerator5.jpg', '2018-06-10'),
(110, 'test_images/remote1.jpg', '2018-06-10'),
(111, 'test_images/remote2.jpg', '2018-06-10'),
(112, 'test_images/remote3.jpg', '2018-06-10'),
(113, 'test_images/remote4.jpg', '2018-06-10'),
(114, 'test_images/remote5.jpg', '2018-06-10'),
(115, 'test_images/scissors1.jpg', '2018-06-10'),
(116, 'test_images/scissors2.jpg', '2018-06-10'),
(117, 'test_images/scissors3.jpg', '2018-06-10'),
(118, 'test_images/scissors4.jpg', '2018-06-10'),
(119, 'test_images/scissors5.jpg', '2018-06-10'),
(120, 'test_images/sink1.jpg', '2018-06-10'),
(121, 'test_images/sink2.jpg', '2018-06-10'),
(122, 'test_images/sink3.jpg', '2018-06-10'),
(123, 'test_images/sink4.jpg', '2018-06-10'),
(124, 'test_images/sink5.jpg', '2018-06-10'),
(125, 'test_images/sink6.jpg', '2018-06-10'),
(126, 'test_images/teddy_bear1.jpg', '2018-06-10'),
(127, 'test_images/teddy_bear2.jpg', '2018-06-10'),
(128, 'test_images/teddy_bear3.jpg', '2018-06-10'),
(129, 'test_images/teddy_bear4.jpg', '2018-06-10'),
(130, 'test_images/toaster1.jpg', '2018-06-10'),
(131, 'test_images/toaster2.jpg', '2018-06-10'),
(132, 'test_images/toaster3.jpg', '2018-06-10'),
(133, 'test_images/toaster4.jpg', '2018-06-10'),
(134, 'test_images/toilet1.jpg', '2018-06-10'),
(135, 'test_images/toilet2.jpg', '2018-06-10'),
(136, 'test_images/toilet3.jpg', '2018-06-10'),
(137, 'test_images/toothbrush1.jpg', '2018-06-10'),
(138, 'test_images/toothbrush2.jpg', '2018-06-10'),
(139, 'test_images/toothbrush3.jpg', '2018-06-10'),
(140, 'test_images/toothbrush4.jpg', '2018-06-10'),
(141, 'test_images/toothbrush5.jpg', '2018-06-10'),
(142, 'test_images/tv1.jpg', '2018-06-10'),
(143, 'test_images/tv2.jpg', '2018-06-10'),
(144, 'test_images/tv3.jpg', '2018-06-10'),
(145, 'test_images/tv4.jpg', '2018-06-10'),
(146, 'test_images/tv5.jpg', '2018-06-10'),
(147, 'test_images/tv6.jpg', '2018-06-10'),
(148, 'test_images/vase1.jpg', '2018-06-10'),
(149, 'test_images/vase2.jpg', '2018-06-10'),
(150, 'test_images/vase3.jpg', '2018-06-10'),
(151, 'test_images/vase4.jpg', '2018-06-10'),
(152, 'test_images/vase5.jpg', '2018-06-10'),
(153, 'test_images/cake10.jpg', '2018-06-13'),
(154, 'test_images/cake11.jpg', '2018-06-13'),
(155, 'test_images/imageService.jpg', '2018-06-13'),
(156, 'test_images/image (229).jpg', '2018-06-14'),
(157, 'test_images/image (1).jpg', '2018-06-14'),
(158, 'test_images/image (2).jpg', '2018-06-14'),
(159, 'test_images/image (3).jpg', '2018-06-14'),
(160, 'test_images/image (4).jpg', '2018-06-14'),
(161, 'test_images/image (5).jpg', '2018-06-14'),
(162, 'test_images/image (6).jpg', '2018-06-14'),
(163, 'test_images/image (7).jpg', '2018-06-14'),
(164, 'test_images/image (8).jpg', '2018-06-14'),
(165, 'test_images/image (9).jpg', '2018-06-14'),
(166, 'test_images/image (10).jpg', '2018-06-14'),
(167, 'test_images/image (11).jpg', '2018-06-14'),
(168, 'test_images/image (12).jpg', '2018-06-14'),
(169, 'test_images/image (13).jpg', '2018-06-14'),
(170, 'test_images/image (14).jpg', '2018-06-14'),
(171, 'test_images/image (15).jpg', '2018-06-14'),
(172, 'test_images/image (17).jpg', '2018-06-14'),
(173, 'test_images/image (18).jpg', '2018-06-14'),
(174, 'test_images/image (19).jpg', '2018-06-14'),
(175, 'test_images/image (20).jpg', '2018-06-14'),
(176, 'test_images/image (21).jpg', '2018-06-14'),
(177, 'test_images/image (22).jpg', '2018-06-14'),
(178, 'test_images/image (16).jpg', '2018-06-14'),
(179, 'test_images/image (23).jpg', '2018-06-14'),
(180, 'test_images/image (24).jpg', '2018-06-14'),
(181, 'test_images/image (25).jpg', '2018-06-14'),
(182, 'test_images/image (26).jpg', '2018-06-14'),
(183, 'test_images/image (27).jpg', '2018-06-14'),
(184, 'test_images/image (28).jpg', '2018-06-14'),
(185, 'test_images/image (29).jpg', '2018-06-14'),
(186, 'test_images/image (30).jpg', '2018-06-14'),
(187, 'test_images/image (31).jpg', '2018-06-14'),
(188, 'test_images/image (32).jpg', '2018-06-14'),
(189, 'test_images/image (33).jpg', '2018-06-14'),
(190, 'test_images/image (34).jpg', '2018-06-14'),
(191, 'test_images/image (35).jpg', '2018-06-14'),
(192, 'test_images/image (36).jpg', '2018-06-14'),
(193, 'test_images/image (37).jpg', '2018-06-14'),
(194, 'test_images/image (38).jpg', '2018-06-14'),
(195, 'test_images/image (39).jpg', '2018-06-14'),
(196, 'test_images/image (40).jpg', '2018-06-14'),
(197, 'test_images/image (41).jpg', '2018-06-14'),
(198, 'test_images/image (42).jpg', '2018-06-14'),
(199, 'test_images/image (43).jpg', '2018-06-14'),
(200, 'test_images/image (44).jpg', '2018-06-14'),
(201, 'test_images/image (45).jpg', '2018-06-14'),
(202, 'test_images/image (46).jpg', '2018-06-14'),
(203, 'test_images/image (47).jpg', '2018-06-14'),
(204, 'test_images/image (48).jpg', '2018-06-14'),
(205, 'test_images/image (49).jpg', '2018-06-14'),
(206, 'test_images/image (50).jpg', '2018-06-14'),
(207, 'test_images/image (51).jpg', '2018-06-14'),
(208, 'test_images/image (52).jpg', '2018-06-14'),
(209, 'test_images/image (53).jpg', '2018-06-14'),
(210, 'test_images/image (54).jpg', '2018-06-16'),
(211, 'test_images/image (55).jpg', '2018-06-16'),
(212, 'test_images/image (56).jpg', '2018-06-16'),
(213, 'test_images/image (57).jpg', '2018-06-16'),
(214, 'test_images/image (58).jpg', '2018-06-16'),
(215, 'test_images/image (59).jpg', '2018-06-16'),
(216, 'test_images/image (60).jpg', '2018-06-16'),
(217, 'test_images/image (61).jpg', '2018-06-16'),
(218, 'test_images/image (62).jpg', '2018-06-16'),
(219, 'test_images/image (63).jpg', '2018-06-16'),
(220, 'test_images/image (64).jpg', '2018-06-16'),
(221, 'test_images/image (65).jpg', '2018-06-16'),
(222, 'test_images/image (66).jpg', '2018-06-16'),
(223, 'test_images/image (67).jpg', '2018-06-16'),
(224, 'test_images/image (68).jpg', '2018-06-16'),
(225, 'test_images/image (69).jpg', '2018-06-16'),
(226, 'test_images/image (70).jpg', '2018-06-16'),
(227, 'test_images/image (71).jpg', '2018-06-16'),
(228, 'test_images/image (72).jpg', '2018-06-16'),
(229, 'test_images/image (73).jpg', '2018-06-16'),
(230, 'test_images/image (74).jpg', '2018-06-16'),
(231, 'test_images/image (75).jpg', '2018-06-16'),
(232, 'test_images/image (76).jpg', '2018-06-16'),
(233, 'test_images/image (77).jpg', '2018-06-16'),
(234, 'test_images/image (78).jpg', '2018-06-16'),
(235, 'test_images/image (79).jpg', '2018-06-16'),
(236, 'test_images/image (80).jpg', '2018-06-16'),
(237, 'test_images/image (81).jpg', '2018-06-16'),
(238, 'test_images/image (82).jpg', '2018-06-16'),
(239, 'test_images/image (83).jpg', '2018-06-16'),
(240, 'test_images/image (84).jpg', '2018-06-16'),
(241, 'test_images/image (85).jpg', '2018-06-16'),
(242, 'test_images/image (86).jpg', '2018-06-16'),
(243, 'test_images/image (87).jpg', '2018-06-16'),
(244, 'test_images/image (88).jpg', '2018-06-16'),
(245, 'test_images/image (89).jpg', '2018-06-16'),
(246, 'test_images/image (90).jpg', '2018-06-16'),
(247, 'test_images/image (91).jpg', '2018-06-16'),
(248, 'test_images/image (100).jpg', '2018-06-17'),
(249, 'test_images/image (101).jpg', '2018-06-17'),
(250, 'test_images/image (102).jpg', '2018-06-17'),
(251, 'test_images/image (103).jpg', '2018-06-17'),
(252, 'test_images/image (104).jpg', '2018-06-17'),
(253, 'test_images/image (105).jpg', '2018-06-17'),
(254, 'test_images/image (106).jpg', '2018-06-17'),
(255, 'test_images/image (107).jpg', '2018-06-17'),
(256, 'test_images/image (108).jpg', '2018-06-17'),
(257, 'test_images/image (109).jpg', '2018-06-17'),
(258, 'test_images/image (110).jpg', '2018-06-17'),
(259, 'test_images/image (111).jpg', '2018-06-17'),
(260, 'test_images/image (112).jpg', '2018-06-17'),
(261, 'test_images/image (113).jpg', '2018-06-17'),
(262, 'test_images/image (114).jpg', '2018-06-17'),
(263, 'test_images/image (92).jpg', '2018-06-17'),
(264, 'test_images/image (93).jpg', '2018-06-17'),
(265, 'test_images/image (94).jpg', '2018-06-17'),
(266, 'test_images/image (95).jpg', '2018-06-17'),
(267, 'test_images/image (96).jpg', '2018-06-17'),
(268, 'test_images/image (97).jpg', '2018-06-17'),
(269, 'test_images/image (98).jpg', '2018-06-17'),
(270, 'test_images/image (99).jpg', '2018-06-17'),
(271, 'test_images/image (115).jpg', '2018-06-17'),
(272, 'test_images/image (116).jpg', '2018-06-17'),
(273, 'test_images/image (117).jpg', '2018-06-17'),
(274, 'test_images/image (118).jpg', '2018-06-17'),
(275, 'test_images/image (119).jpg', '2018-06-17'),
(276, 'test_images/image (120).jpg', '2018-06-17'),
(277, 'test_images/image (121).jpg', '2018-06-17'),
(278, 'test_images/image (122).jpg', '2018-06-17'),
(279, 'test_images/image (123).jpg', '2018-06-17'),
(280, 'test_images/image (124).jpg', '2018-06-17'),
(281, 'test_images/image (125).jpg', '2018-06-20'),
(282, 'test_images/image (126).jpg', '2018-06-20'),
(283, 'test_images/image (127).jpg', '2018-06-20'),
(284, 'test_images/image (128).jpg', '2018-06-20'),
(285, 'test_images/image (129).jpg', '2018-06-20'),
(286, 'test_images/image (130).jpg', '2018-06-20'),
(287, 'test_images/image (131).jpg', '2018-06-20'),
(288, 'test_images/image (132).jpg', '2018-06-20'),
(289, 'test_images/image (133).jpg', '2018-06-20'),
(290, 'test_images/image (134).jpg', '2018-06-20'),
(291, 'test_images/image (135).jpg', '2018-06-20'),
(292, 'test_images/image (136).jpg', '2018-06-20'),
(293, 'test_images/image (137).jpg', '2018-06-20'),
(294, 'test_images/image (138).jpg', '2018-06-20'),
(295, 'test_images/image (139).jpg', '2018-06-20'),
(296, 'test_images/image (140).jpg', '2018-06-20'),
(297, 'test_images/image (141).jpg', '2018-06-20'),
(298, 'test_images/image (142).jpg', '2018-06-20'),
(299, 'test_images/image (143).jpg', '2018-06-20'),
(300, 'test_images/image (144).jpg', '2018-06-20'),
(301, 'test_images/image (145).jpg', '2018-06-20'),
(302, 'test_images/image (146).jpg', '2018-06-20'),
(303, 'test_images/image (147).jpg', '2018-06-20'),
(304, 'test_images/image (148).jpg', '2018-06-20'),
(305, 'test_images/image (149).jpg', '2018-06-20'),
(306, 'test_images/image (150).jpg', '2018-06-20'),
(307, 'test_images/image (151).jpg', '2018-06-20'),
(308, 'test_images/image (152).jpg', '2018-06-20'),
(309, 'test_images/image (153).jpg', '2018-06-20'),
(310, 'test_images/image (154).jpg', '2018-06-20'),
(311, 'test_images/image (155).jpg', '2018-06-20'),
(312, 'test_images/image (156).jpg', '2018-06-20'),
(313, 'test_images/image (157).jpg', '2018-06-20'),
(314, 'test_images/image (158).jpg', '2018-06-20'),
(315, 'test_images/image (159).jpg', '2018-06-20'),
(316, 'test_images/image (160).jpg', '2018-06-20'),
(317, 'test_images/image (161).jpg', '2018-06-20'),
(318, 'test_images/image (162).jpg', '2018-06-20'),
(319, 'test_images/image (163).jpg', '2018-06-20'),
(320, 'test_images/image (164).jpg', '2018-06-20'),
(321, 'test_images/image (165).jpg', '2018-06-20'),
(322, 'test_images/image (166).jpg', '2018-06-20'),
(323, 'test_images/image (167).jpg', '2018-06-20'),
(324, 'test_images/image (168).jpg', '2018-06-20'),
(325, 'test_images/image (169).jpg', '2018-06-20'),
(326, 'test_images/image (170).jpg', '2018-06-20'),
(327, 'test_images/image (171).jpg', '2018-06-20'),
(328, 'test_images/image (172).jpg', '2018-06-20'),
(329, 'test_images/image (173).jpg', '2018-06-20'),
(330, 'test_images/image (174).jpg', '2018-06-20'),
(331, 'test_images/image (175).jpg', '2018-06-20'),
(332, 'test_images/image (176).jpg', '2018-06-20'),
(333, 'test_images/image (177).jpg', '2018-06-20'),
(334, 'test_images/image (178).jpg', '2018-06-20'),
(335, 'test_images/image (179).jpg', '2018-06-20'),
(336, 'test_images/image (180).jpg', '2018-06-20'),
(337, 'test_images/image (181).jpg', '2018-06-20'),
(338, 'test_images/image (182).jpg', '2018-06-20'),
(339, 'test_images/image (183).jpg', '2018-06-20'),
(340, 'test_images/image (184).jpg', '2018-06-20'),
(341, 'test_images/image (185).jpg', '2018-06-20'),
(342, 'test_images/image (186).jpg', '2018-06-20'),
(343, 'test_images/image (187).jpg', '2018-06-20'),
(344, 'test_images/image (188).jpg', '2018-06-20'),
(345, 'test_images/image (189).jpg', '2018-06-20'),
(346, 'test_images/image (190).jpg', '2018-06-20'),
(347, 'test_images/image (191).jpg', '2018-06-20'),
(348, 'test_images/image (192).jpg', '2018-06-20'),
(349, 'test_images/image (193).jpg', '2018-06-20'),
(350, 'test_images/image (194).jpg', '2018-06-20'),
(351, 'test_images/image (195).jpg', '2018-06-20'),
(352, 'test_images/image (196).jpg', '2018-06-20'),
(353, 'test_images/image (197).jpg', '2018-06-20'),
(354, 'test_images/image (198).jpg', '2018-06-20'),
(355, 'test_images/image (199).jpg', '2018-06-20'),
(356, 'test_images/image (200).jpg', '2018-06-20'),
(357, 'test_images/image (201).jpg', '2018-06-20'),
(358, 'test_images/image (202).jpg', '2018-06-20'),
(359, 'test_images/image (203).jpg', '2018-06-20'),
(360, 'test_images/image (204).jpg', '2018-06-20'),
(361, 'test_images/image (205).jpg', '2018-06-20'),
(362, 'test_images/image (206).jpg', '2018-06-20'),
(363, 'test_images/image (207).jpg', '2018-06-20'),
(364, 'test_images/image (208).jpg', '2018-06-20'),
(365, 'test_images/image (209).jpg', '2018-06-20'),
(366, 'test_images/image (210).jpg', '2018-06-20'),
(367, 'test_images/image (211).jpg', '2018-06-20'),
(368, 'test_images/image (212).jpg', '2018-06-20'),
(369, 'test_images/image (213).jpg', '2018-06-20'),
(370, 'test_images/image (214).jpg', '2018-06-20'),
(371, 'test_images/image (215).jpg', '2018-06-20'),
(372, 'test_images/image (216).jpg', '2018-06-20'),
(373, 'test_images/image (217).jpg', '2018-06-20'),
(374, 'test_images/image (218).jpg', '2018-06-20'),
(375, 'test_images/image (219).jpg', '2018-06-20'),
(376, 'test_images/image (220).jpg', '2018-06-20'),
(377, 'test_images/image (221).jpg', '2018-06-20'),
(378, 'test_images/image (222).jpg', '2018-06-20'),
(379, 'test_images/image (223).jpg', '2018-06-20'),
(380, 'test_images/image (224).jpg', '2018-06-20'),
(381, 'test_images/image (225).jpg', '2018-06-20'),
(382, 'test_images/image (226).jpg', '2018-06-20'),
(383, 'test_images/image (227).jpg', '2018-06-20'),
(384, 'test_images/image (228).jpg', '2018-06-20'),
(385, 'test_images/image (230).jpg', '2018-06-20'),
(386, 'test_images/apple1.jpg', '2018-06-20'),
(387, 'test_images/apple2.jpg', '2018-06-20'),
(388, 'test_images/apple3.jpg', '2018-06-20'),
(389, 'test_images/apple5.jpg', '2018-06-20'),
(390, 'test_images/apple6.jpg', '2018-06-20'),
(391, 'test_images/apple7.jpg', '2018-06-20'),
(392, 'test_images/apple8.jpg', '2018-06-20'),
(393, 'test_images/apple9.jpg', '2018-06-20'),
(394, 'test_images/banana1.jpg', '2018-06-20'),
(395, 'test_images/banana2.jpg', '2018-06-20'),
(396, 'test_images/banana3.jpg', '2018-06-20'),
(397, 'test_images/banana4.jpg', '2018-06-20'),
(398, 'test_images/banana5.jpg', '2018-06-20'),
(399, 'test_images/banana6.jpg', '2018-06-20'),
(400, 'test_images/banana7.jpg', '2018-06-20'),
(401, 'test_images/banana9.jpg', '2018-06-20'),
(402, 'test_images/apple4.jpg', '2018-06-20'),
(403, 'test_images/banana8.jpg', '2018-06-20'),
(404, 'test_images/baseballbat1.jpg', '2018-06-20'),
(405, 'test_images/baseballbat2.jpg', '2018-06-20'),
(406, 'test_images/baseballbat3.jpg', '2018-06-20'),
(407, 'test_images/baseballbat4.jpg', '2018-06-20'),
(408, 'test_images/baseballbat5.jpg', '2018-06-20'),
(409, 'test_images/baseballbat6.jpg', '2018-06-20'),
(410, 'test_images/baseballbat7.jpg', '2018-06-20'),
(411, 'test_images/baseballbat8.jpg', '2018-06-20'),
(412, 'test_images/baseballbat9.jpg', '2018-06-20'),
(413, 'test_images/baseballgloves1.jpg', '2018-06-20'),
(414, 'test_images/baseballgloves3.jpg', '2018-06-20'),
(415, 'test_images/baseballgloves4.jpg', '2018-06-20'),
(416, 'test_images/baseballgloves5.jpg', '2018-06-20'),
(417, 'test_images/baseballgloves6.jpg', '2018-06-20'),
(418, 'test_images/baseballgloves7.jpg', '2018-06-20'),
(419, 'test_images/baseballgloves8.jpg', '2018-06-20'),
(420, 'test_images/baseballgloves9.jpg', '2018-06-20'),
(421, 'test_images/bottle1.jpg', '2018-06-20'),
(422, 'test_images/bottle2.jpg', '2018-06-20'),
(423, 'test_images/bottle3.jpg', '2018-06-20'),
(424, 'test_images/bottle4.jpg', '2018-06-20'),
(425, 'test_images/bottle5.jpg', '2018-06-20'),
(426, 'test_images/bottle6.jpg', '2018-06-20'),
(427, 'test_images/bottle7.jpg', '2018-06-20'),
(428, 'test_images/bottle8.jpg', '2018-06-20'),
(429, 'test_images/bottle9.jpg', '2018-06-20'),
(430, 'test_images/bowl1.jpg', '2018-06-20'),
(431, 'test_images/bowl2.jpg', '2018-06-20'),
(432, 'test_images/bowl3.jpg', '2018-06-20'),
(433, 'test_images/bowl5.jpg', '2018-06-20'),
(434, 'test_images/bowl6.jpg', '2018-06-20'),
(435, 'test_images/bowl7.jpg', '2018-06-20'),
(436, 'test_images/bowl8.jpg', '2018-06-20'),
(437, 'test_images/bowl9.jpg', '2018-06-20'),
(438, 'test_images/broccoli1.jpg', '2018-06-20'),
(439, 'test_images/broccoli4.jpg', '2018-06-20'),
(440, 'test_images/broccoli5.jpg', '2018-06-20'),
(441, 'test_images/broccoli6.jpg', '2018-06-20'),
(442, 'test_images/broccoli7.jpg', '2018-06-20'),
(443, 'test_images/broccoli9.jpg', '2018-06-20'),
(444, 'test_images/carrot1.jpg', '2018-06-20'),
(445, 'test_images/carrot2.jpg', '2018-06-20'),
(446, 'test_images/carrot3.jpg', '2018-06-20'),
(447, 'test_images/carrot4.jpg', '2018-06-20'),
(448, 'test_images/carrot5.jpg', '2018-06-20'),
(449, 'test_images/carrot6.jpg', '2018-06-20'),
(450, 'test_images/carrot7.jpg', '2018-06-20'),
(451, 'test_images/carrot9.jpg', '2018-06-20'),
(452, 'test_images/cup1.jpg', '2018-06-20'),
(453, 'test_images/cup2.jpg', '2018-06-20'),
(454, 'test_images/cup3.jpg', '2018-06-20'),
(455, 'test_images/cup4.jpg', '2018-06-20'),
(456, 'test_images/cup5.jpg', '2018-06-20'),
(457, 'test_images/cup6.jpg', '2018-06-20'),
(458, 'test_images/cup7.jpg', '2018-06-20'),
(459, 'test_images/cup8.jpg', '2018-06-20'),
(460, 'test_images/cup9.jpg', '2018-06-20'),
(461, 'test_images/donut1.jpg', '2018-06-20'),
(462, 'test_images/donut2.jpg', '2018-06-20'),
(463, 'test_images/donut3.jpg', '2018-06-20'),
(464, 'test_images/donut4.jpg', '2018-06-20'),
(465, 'test_images/donut5.jpg', '2018-06-20'),
(466, 'test_images/donut6.jpg', '2018-06-20'),
(467, 'test_images/donut7.jpg', '2018-06-20'),
(468, 'test_images/donut8.jpg', '2018-06-20'),
(469, 'test_images/donut9.jpg', '2018-06-20'),
(470, 'test_images/fork1.jpg', '2018-06-20'),
(471, 'test_images/fork2.jpg', '2018-06-20'),
(472, 'test_images/fork3.jpg', '2018-06-20'),
(473, 'test_images/fork4.jpg', '2018-06-20'),
(474, 'test_images/fork5.jpg', '2018-06-20'),
(475, 'test_images/fork6.jpg', '2018-06-20'),
(476, 'test_images/fork7.jpg', '2018-06-20'),
(477, 'test_images/fork9.jpg', '2018-06-20'),
(478, 'test_images/frisbee1.jpg', '2018-06-20'),
(479, 'test_images/frisbee2.jpg', '2018-06-20'),
(480, 'test_images/frisbee3.jpg', '2018-06-20'),
(481, 'test_images/frisbee4.jpg', '2018-06-20'),
(482, 'test_images/frisbee5.jpg', '2018-06-20'),
(483, 'test_images/frisbee6.jpg', '2018-06-20'),
(484, 'test_images/frisbee7.jpg', '2018-06-20'),
(485, 'test_images/frisbee8.jpg', '2018-06-20'),
(486, 'test_images/frisbee9.jpg', '2018-06-20'),
(487, 'test_images/handbag1.jpg', '2018-06-20'),
(488, 'test_images/handbag10.jpg', '2018-06-20'),
(489, 'test_images/handbag2.jpg', '2018-06-20'),
(490, 'test_images/handbag3.jpg', '2018-06-20'),
(491, 'test_images/handbag4.jpg', '2018-06-20'),
(492, 'test_images/handbag5.jpg', '2018-06-20'),
(493, 'test_images/handbag6.jpg', '2018-06-20'),
(494, 'test_images/handbag7.jpg', '2018-06-20'),
(495, 'test_images/handbag8.jpg', '2018-06-20'),
(496, 'test_images/handbag9.jpg', '2018-06-20'),
(497, 'test_images/hotdog1.jpg', '2018-06-20'),
(498, 'test_images/hotdog2.jpg', '2018-06-20'),
(499, 'test_images/hotdog3.jpg', '2018-06-20'),
(500, 'test_images/hotdog4.jpg', '2018-06-20'),
(501, 'test_images/hotdog5.jpg', '2018-06-20'),
(502, 'test_images/hotdog6.jpg', '2018-06-20'),
(503, 'test_images/hotdog7.jpg', '2018-06-20'),
(504, 'test_images/hotdog8.jpg', '2018-06-20'),
(505, 'test_images/hotdog9.jpg', '2018-06-20'),
(506, 'test_images/kite1.jpg', '2018-06-20'),
(507, 'test_images/kite2.jpg', '2018-06-20'),
(508, 'test_images/kite3.jpg', '2018-06-20'),
(509, 'test_images/kite4.jpg', '2018-06-20'),
(510, 'test_images/kite6.jpg', '2018-06-20'),
(511, 'test_images/kite7.jpg', '2018-06-20'),
(512, 'test_images/kite8.jpg', '2018-06-20'),
(513, 'test_images/knife1.jpg', '2018-06-20'),
(514, 'test_images/knife2.jpg', '2018-06-20'),
(515, 'test_images/knife3.jpg', '2018-06-20'),
(516, 'test_images/knife4.jpg', '2018-06-20'),
(517, 'test_images/knife5.jpg', '2018-06-20'),
(518, 'test_images/knife6.jpg', '2018-06-20'),
(519, 'test_images/knife7.jpg', '2018-06-20'),
(520, 'test_images/knife9.jpg', '2018-06-20'),
(521, 'test_images/orange1.jpg', '2018-06-21'),
(522, 'test_images/orange2.jpg', '2018-06-21'),
(523, 'test_images/orange3.jpg', '2018-06-21'),
(524, 'test_images/orange4.jpg', '2018-06-21'),
(525, 'test_images/orange5.jpg', '2018-06-21'),
(526, 'test_images/orange6.jpg', '2018-06-21'),
(527, 'test_images/orange7.jpg', '2018-06-21'),
(528, 'test_images/orange8.jpg', '2018-06-21'),
(529, 'test_images/orange9.jpg', '2018-06-21'),
(530, 'test_images/pizza1.jpg', '2018-06-21'),
(531, 'test_images/pizza3.jpg', '2018-06-21'),
(532, 'test_images/pizza4.jpg', '2018-06-21'),
(533, 'test_images/pizza5.jpg', '2018-06-21'),
(534, 'test_images/pizza6.jpg', '2018-06-21'),
(535, 'test_images/pizza7.jpg', '2018-06-21'),
(536, 'test_images/pizza8.jpg', '2018-06-21'),
(537, 'test_images/pizza9.jpg', '2018-06-21'),
(538, 'test_images/sandwich1.jpg', '2018-06-21'),
(539, 'test_images/sandwich2.jpg', '2018-06-21'),
(540, 'test_images/sandwich3.jpg', '2018-06-21'),
(541, 'test_images/sandwich4.jpg', '2018-06-21'),
(542, 'test_images/sandwich5.jpg', '2018-06-21'),
(543, 'test_images/sandwich6.jpg', '2018-06-21'),
(544, 'test_images/sandwich7.jpg', '2018-06-21'),
(545, 'test_images/sandwich8.jpg', '2018-06-21'),
(546, 'test_images/skateboard1.jpg', '2018-06-21'),
(547, 'test_images/skateboard2.jpg', '2018-06-21'),
(548, 'test_images/skateboard3.jpg', '2018-06-21'),
(549, 'test_images/skateboard4.jpg', '2018-06-21'),
(550, 'test_images/skateboard5.jpg', '2018-06-21'),
(551, 'test_images/skateboard6.jpg', '2018-06-21'),
(552, 'test_images/skateboard8.jpg', '2018-06-21'),
(553, 'test_images/skateboard9.jpg', '2018-06-21'),
(554, 'test_images/skis1.jpg', '2018-06-21'),
(555, 'test_images/skis2.jpg', '2018-06-21'),
(556, 'test_images/skis3.jpg', '2018-06-21'),
(557, 'test_images/skis4.jpg', '2018-06-21'),
(558, 'test_images/skis5.jpg', '2018-06-21'),
(559, 'test_images/skis6.jpg', '2018-06-21'),
(560, 'test_images/skis7.jpg', '2018-06-21'),
(561, 'test_images/skis8.jpg', '2018-06-21'),
(562, 'test_images/skis9.jpg', '2018-06-21'),
(563, 'test_images/snowboard9.jpg', '2018-06-21'),
(564, 'test_images/snow_board1.jpg', '2018-06-21'),
(565, 'test_images/snow_board2.jpg', '2018-06-21'),
(566, 'test_images/snow_board3.jpg', '2018-06-21'),
(567, 'test_images/snow_board4.jpg', '2018-06-21'),
(568, 'test_images/snow_board5.jpg', '2018-06-21'),
(569, 'test_images/snow_board6.jpg', '2018-06-21'),
(570, 'test_images/snow_board7.jpg', '2018-06-21'),
(571, 'test_images/snow_board8.jpg', '2018-06-21'),
(572, 'test_images/spoon1.jpg', '2018-06-21'),
(573, 'test_images/spoon10.jpg', '2018-06-21'),
(574, 'test_images/spoon13.jpg', '2018-06-21'),
(575, 'test_images/spoon14.jpg', '2018-06-21'),
(576, 'test_images/spoon15.jpg', '2018-06-21'),
(577, 'test_images/spoon2.jpg', '2018-06-21'),
(578, 'test_images/spoon3.jpg', '2018-06-21'),
(579, 'test_images/spoon4.jpg', '2018-06-21'),
(580, 'test_images/spoon5.jpg', '2018-06-21'),
(581, 'test_images/sportball1.jpg', '2018-06-21'),
(582, 'test_images/sportball2.jpg', '2018-06-21'),
(583, 'test_images/sportball3.jpg', '2018-06-21'),
(584, 'test_images/sportball4.jpg', '2018-06-21'),
(585, 'test_images/sportball5.jpg', '2018-06-21'),
(586, 'test_images/sportball6.jpg', '2018-06-21'),
(587, 'test_images/sportball7.jpg', '2018-06-21'),
(588, 'test_images/sportball8.jpg', '2018-06-21'),
(589, 'test_images/sportball9.jpg', '2018-06-21'),
(590, 'test_images/suitcase1.jpg', '2018-06-21'),
(591, 'test_images/suitcase2.jpg', '2018-06-21'),
(592, 'test_images/suitcase3.jpg', '2018-06-21'),
(593, 'test_images/suitcase4.jpg', '2018-06-21'),
(594, 'test_images/suitcase5.jpg', '2018-06-21'),
(595, 'test_images/suitcase6.jpg', '2018-06-21'),
(596, 'test_images/suitcase7.jpg', '2018-06-21'),
(597, 'test_images/suitcase8.jpg', '2018-06-21'),
(598, 'test_images/suitcase9.jpg', '2018-06-21'),
(599, 'test_images/surfboard1.jpg', '2018-06-21'),
(600, 'test_images/surfboard2.jpg', '2018-06-21'),
(601, 'test_images/surfboard3.jpg', '2018-06-21'),
(602, 'test_images/surfboard4.jpg', '2018-06-21'),
(603, 'test_images/surfboard5.jpg', '2018-06-21'),
(604, 'test_images/surfboard6.jpg', '2018-06-21'),
(605, 'test_images/surfboard7.jpg', '2018-06-21'),
(606, 'test_images/surfboard8.jpg', '2018-06-21'),
(607, 'test_images/surfboard9.jpg', '2018-06-21'),
(608, 'test_images/tenniscracket1.jpg', '2018-06-21'),
(609, 'test_images/tenniscracket10.jpg', '2018-06-21'),
(610, 'test_images/tenniscracket2.jpg', '2018-06-21'),
(611, 'test_images/tenniscracket3.jpg', '2018-06-21'),
(612, 'test_images/tenniscracket4.jpg', '2018-06-21'),
(613, 'test_images/tenniscracket5.jpg', '2018-06-21'),
(614, 'test_images/tenniscracket6.jpg', '2018-06-21'),
(615, 'test_images/tenniscracket7.jpg', '2018-06-21'),
(616, 'test_images/tenniscracket8.jpg', '2018-06-21'),
(617, 'test_images/tenniscracket9.jpg', '2018-06-21'),
(618, 'test_images/tie1.jpg', '2018-06-21'),
(619, 'test_images/tie10.jpg', '2018-06-21'),
(620, 'test_images/tie2.jpg', '2018-06-21'),
(621, 'test_images/tie3.jpg', '2018-06-21'),
(622, 'test_images/tie4.jpg', '2018-06-21'),
(623, 'test_images/tie5.jpg', '2018-06-21'),
(624, 'test_images/tie6.jpg', '2018-06-21'),
(625, 'test_images/tie7.jpg', '2018-06-21'),
(626, 'test_images/tie8.jpg', '2018-06-21'),
(627, 'test_images/wineglass1.jpg', '2018-06-21'),
(628, 'test_images/wineglass2.jpg', '2018-06-21'),
(629, 'test_images/wineglass3.jpg', '2018-06-21'),
(630, 'test_images/wineglass4.jpg', '2018-06-21'),
(631, 'test_images/wineglass5.jpg', '2018-06-21'),
(632, 'test_images/wineglass6.jpg', '2018-06-21'),
(633, 'test_images/wineglass7.jpg', '2018-06-21'),
(634, 'test_images/wineglass8.jpg', '2018-06-21'),
(635, 'test_images/wineglass9.jpg', '2018-06-21');

-- --------------------------------------------------------

--
-- Cấu trúc bảng cho bảng `object`
--

CREATE TABLE `object` (
  `id` int(11) NOT NULL,
  `name` varchar(50) DEFAULT NULL,
  `probability` int(11) DEFAULT NULL
) ENGINE=InnoDB DEFAULT CHARSET=utf8;

--
-- Đang đổ dữ liệu cho bảng `object`
--

INSERT INTO `object` (`id`, `name`, `probability`) VALUES
(1, 'bed', 99),
(2, 'potted plant', 98),
(3, 'potted plant', 92),
(4, 'clock', 91),
(5, 'vase', 71),
(6, 'vase', 65),
(7, 'clock', 99),
(8, 'vase', 99),
(9, 'laptop', 98),
(10, 'bed', 98),
(11, 'clock', 93),
(12, 'dining table', 67),
(13, 'chair', 59),
(14, 'bed', 55),
(15, 'potted plant', 96),
(16, 'bed', 95),
(17, 'book', 87),
(18, 'book', 82),
(19, 'dining table', 82),
(20, 'bed', 72),
(21, 'book', 66),
(22, 'book', 58),
(23, 'book', 58),
(24, 'vase', 99),
(25, 'bed', 99),
(26, 'potted plant', 93),
(27, 'book', 87),
(28, 'book', 81),
(29, 'clock', 81),
(30, 'book', 75),
(31, 'book', 70),
(32, 'book', 66),
(33, 'book', 62),
(34, 'cup', 58),
(35, 'dining table', 57),
(36, 'book', 57),
(37, 'book', 52),
(38, 'bed', 50),
(39, 'bed', 99),
(40, 'potted plant', 82),
(41, 'chair', 81),
(42, 'cup', 79),
(43, 'chair', 69),
(44, 'potted plant', 58),
(45, 'bed', 53),
(46, 'bed', 99),
(47, 'potted plant', 96),
(48, 'person', 93),
(49, 'person', 91),
(50, 'person', 70),
(51, 'potted plant', 68),
(52, 'vase', 58),
(53, 'bed', 99),
(54, 'bed', 93),
(55, 'book', 97),
(56, 'bed', 93),
(57, 'bed', 82),
(58, 'teddy bear', 55),
(59, 'bed', 94),
(60, 'book', 99),
(61, 'book', 98),
(62, 'book', 96),
(63, 'book', 96),
(64, 'book', 96),
(65, 'book', 95),
(66, 'book', 93),
(67, 'book', 91),
(68, 'book', 91),
(69, 'book', 90),
(70, 'book', 89),
(71, 'book', 85),
(72, 'book', 85),
(73, 'book', 84),
(74, 'book', 83),
(75, 'book', 79),
(76, 'book', 78),
(77, 'book', 72),
(78, 'book', 61),
(79, 'book', 56),
(80, 'book', 96),
(81, 'book', 96),
(82, 'book', 95),
(83, 'book', 95),
(84, 'book', 95),
(85, 'book', 93),
(86, 'book', 90),
(87, 'book', 88),
(88, 'book', 86),
(89, 'book', 86),
(90, 'book', 86),
(91, 'book', 86),
(92, 'book', 86),
(93, 'book', 84),
(94, 'book', 83),
(95, 'book', 83),
(96, 'book', 83),
(97, 'book', 82),
(98, 'book', 82),
(99, 'book', 82),
(100, 'book', 61),
(101, 'book', 99),
(102, 'person', 88),
(103, 'book', 70),
(104, 'book', 66),
(105, 'book', 63),
(106, 'book', 56),
(107, 'book', 99),
(108, 'book', 94),
(109, 'book', 66),
(110, 'cake', 98),
(111, 'cake', 97),
(112, 'cake', 77),
(113, 'bowl', 95),
(114, 'cup', 74),
(115, 'cake', 68),
(116, 'cake', 57),
(117, 'dining table', 55),
(118, 'cake', 99),
(119, 'cake', 99),
(120, 'cake', 99),
(121, 'dining table', 92),
(122, 'knife', 86),
(123, 'zebra', 80),
(124, 'bowl', 78),
(125, 'cake', 99),
(126, 'cake', 60),
(127, 'cake', 99),
(128, 'cake', 99),
(129, 'vase', 76),
(130, 'dining table', 67),
(131, 'bowl', 64),
(132, 'cup', 62),
(133, 'cake', 99),
(134, 'cake', 65),
(135, 'cake', 99),
(136, 'cake', 74),
(137, 'tie', 68),
(138, 'cake', 99),
(139, 'cell phone', 99),
(140, 'person', 99),
(141, 'dining table', 63),
(142, 'carrot', 60),
(143, 'cell phone', 98),
(144, 'person', 93),
(145, 'person', 99),
(146, 'cell phone', 99),
(147, 'person', 99),
(148, 'cell phone', 96),
(149, 'laptop', 94),
(150, 'person', 83),
(151, 'scissors', 61),
(152, 'person', 60),
(153, 'person', 56),
(154, 'cell phone', 99),
(155, 'cell phone', 99),
(156, 'cell phone', 98),
(157, 'cell phone', 98),
(158, 'cell phone', 96),
(159, 'remote', 59),
(160, 'cell phone', 98),
(161, 'cell phone', 94),
(162, 'cell phone', 93),
(163, 'cell phone', 91),
(164, 'cell phone', 88),
(165, 'cell phone', 88),
(166, 'suitcase', 86),
(167, 'cell phone', 84),
(168, 'book', 83),
(169, 'cell phone', 82),
(170, 'cell phone', 82),
(171, 'cell phone', 78),
(172, 'cell phone', 77),
(173, 'cell phone', 69),
(174, 'cell phone', 58),
(175, 'tv', 57),
(176, 'cell phone', 50),
(177, 'chair', 99),
(178, 'chair', 98),
(179, 'book', 98),
(180, 'potted plant', 97),
(181, 'book', 93),
(182, 'tv', 81),
(183, 'dining table', 74),
(184, 'book', 52),
(185, 'potted plant', 99),
(186, 'chair', 98),
(187, 'dining table', 50),
(188, 'chair', 99),
(189, 'chair', 99),
(190, 'potted plant', 99),
(191, 'chair', 98),
(192, 'bowl', 98),
(193, 'bowl', 96),
(194, 'dining table', 90),
(195, 'bowl', 87),
(196, 'cup', 87),
(197, 'chair', 86),
(198, 'potted plant', 80),
(199, 'potted plant', 77),
(200, 'cup', 99),
(201, 'chair', 99),
(202, 'laptop', 99),
(203, 'potted plant', 94),
(204, 'potted plant', 94),
(205, 'book', 72),
(206, 'chair', 99),
(207, 'book', 55),
(208, 'chair', 99),
(209, 'chair', 99),
(210, 'refrigerator', 52),
(211, 'chair', 99),
(212, 'chair', 99),
(213, 'chair', 99),
(214, 'chair', 99),
(215, 'potted plant', 91),
(216, 'potted plant', 78),
(217, 'potted plant', 72),
(218, 'potted plant', 71),
(219, 'vase', 67),
(220, 'cup', 99),
(221, 'chair', 99),
(222, 'potted plant', 94),
(223, 'cup', 91),
(224, 'cup', 66),
(225, 'bowl', 54),
(226, 'vase', 52),
(227, 'clock', 99),
(228, 'clock', 99),
(229, 'clock', 99),
(230, 'clock', 75),
(231, 'clock', 99),
(232, 'clock', 99),
(233, 'clock', 99),
(234, 'potted plant', 99),
(235, 'vase', 95),
(236, 'book', 57),
(237, 'clock', 99),
(238, 'clock', 99),
(239, 'clock', 99),
(240, 'clock', 99),
(241, 'clock', 99),
(242, 'clock', 99),
(243, 'clock', 97),
(244, 'clock', 95),
(245, 'clock', 92),
(246, 'clock', 91),
(247, 'clock', 73),
(248, 'clock', 99),
(249, 'clock', 99),
(250, 'couch', 99),
(251, 'clock', 99),
(252, 'clock', 99),
(253, 'clock', 98),
(254, 'clock', 95),
(255, 'clock', 90),
(256, 'clock', 80),
(257, 'clock', 80),
(258, 'clock', 57),
(259, 'clock', 56),
(260, 'clock', 53),
(261, 'clock', 99),
(262, 'book', 99),
(263, 'potted plant', 98),
(264, 'book', 97),
(265, 'book', 83),
(266, 'cup', 50),
(267, 'couch', 99),
(268, 'couch', 99),
(269, 'vase', 98),
(270, 'vase', 86),
(271, 'bowl', 81),
(272, 'potted plant', 80),
(273, 'couch', 70),
(274, 'book', 66),
(275, 'book', 61),
(276, 'book', 60),
(277, 'book', 59),
(278, 'book', 58),
(279, 'book', 51),
(280, 'couch', 99),
(281, 'bowl', 90),
(282, 'couch', 85),
(283, 'vase', 68),
(284, 'book', 68),
(285, 'book', 61),
(286, 'couch', 99),
(287, 'bowl', 99),
(288, 'potted plant', 98),
(289, 'couch', 88),
(290, 'chair', 87),
(291, 'couch', 50),
(292, 'person', 99),
(293, 'couch', 98),
(294, 'chair', 82),
(295, 'dining table', 69),
(296, 'bench', 68),
(297, 'person', 99),
(298, 'person', 99),
(299, 'couch', 98),
(300, 'book', 96),
(301, 'dining table', 82),
(302, 'book', 76),
(303, 'chair', 68),
(304, 'chair', 66),
(305, 'remote', 57),
(306, 'dining table', 55),
(307, 'book', 53),
(308, 'chair', 51),
(309, 'couch', 99),
(310, 'couch', 95),
(311, 'potted plant', 90),
(312, 'vase', 75),
(313, 'chair', 71),
(314, 'potted plant', 66),
(315, 'couch', 66),
(316, 'couch', 99),
(317, 'horse', 97),
(318, 'horse', 94),
(319, 'couch', 99),
(320, 'potted plant', 97),
(321, 'chair', 99),
(322, 'chair', 99),
(323, 'wine glass', 99),
(324, 'bottle', 98),
(325, 'wine glass', 98),
(326, 'bottle', 98),
(327, 'wine glass', 97),
(328, 'chair', 97),
(329, 'wine glass', 97),
(330, 'chair', 95),
(331, 'vase', 76),
(332, 'chair', 74),
(333, 'chair', 67),
(334, 'bowl', 66),
(335, 'dining table', 64),
(336, 'chair', 56),
(337, 'chair', 99),
(338, 'wine glass', 96),
(339, 'banana', 96),
(340, 'chair', 96),
(341, 'apple', 87),
(342, 'chair', 86),
(343, 'dining table', 82),
(344, 'chair', 77),
(345, 'chair', 75),
(346, 'bench', 74),
(347, 'chair', 74),
(348, 'dining table', 73),
(349, 'chair', 72),
(350, 'chair', 69),
(351, 'chair', 61),
(352, 'apple', 53),
(353, 'vase', 99),
(354, 'chair', 99),
(355, 'wine glass', 99),
(356, 'chair', 99),
(357, 'bottle', 99),
(358, 'wine glass', 99),
(359, 'potted plant', 96),
(360, 'chair', 96),
(361, 'dining table', 96),
(362, 'chair', 93),
(363, 'chair', 85),
(364, 'chair', 59),
(365, 'bottle', 99),
(366, 'chair', 99),
(367, 'chair', 98),
(368, 'chair', 96),
(369, 'chair', 95),
(370, 'wine glass', 83),
(371, 'potted plant', 80),
(372, 'book', 79),
(373, 'book', 79),
(374, 'bowl', 79),
(375, 'dining table', 58),
(376, 'chair', 99),
(377, 'chair', 99),
(378, 'vase', 99),
(379, 'vase', 99),
(380, 'potted plant', 99),
(381, 'bowl', 98),
(382, 'orange', 98),
(383, 'orange', 97),
(384, 'dining table', 95),
(385, 'bowl', 94),
(386, 'chair', 94),
(387, 'chair', 99),
(388, 'chair', 99),
(389, 'dining table', 97),
(390, 'chair', 86),
(391, 'chair', 81),
(392, 'dining table', 58),
(393, 'chair', 54),
(394, 'chair', 99),
(395, 'chair', 99),
(396, 'chair', 99),
(397, 'chair', 98),
(398, 'chair', 95),
(399, 'chair', 91),
(400, 'microwave', 73),
(401, 'chair', 60),
(402, 'cup', 99),
(403, 'chair', 99),
(404, 'cup', 99),
(405, 'potted plant', 99),
(406, 'chair', 98),
(407, 'chair', 98),
(408, 'chair', 96),
(409, 'chair', 94),
(410, 'dining table', 91),
(411, 'book', 89),
(412, 'vase', 86),
(413, 'cup', 73),
(414, 'potted plant', 70),
(415, 'chair', 67),
(416, 'hair drier', 99),
(417, 'hair drier', 99),
(418, 'vase', 82),
(419, 'cake', 59),
(420, 'hair drier', 83),
(421, 'mouse', 82),
(422, 'person', 98),
(423, 'hair drier', 97),
(424, 'person', 89),
(425, 'person', 77),
(426, 'bottle', 62),
(427, 'person', 59),
(428, 'keyboard', 99),
(429, 'person', 98),
(430, 'person', 97),
(431, 'person', 91),
(432, 'person', 67),
(433, 'keyboard', 99),
(434, 'keyboard', 98),
(435, 'keyboard', 97),
(436, 'laptop', 52),
(437, 'keyboard', 99),
(438, 'tv', 54),
(439, 'keyboard', 99),
(440, 'person', 95),
(441, 'person', 84),
(442, 'dining table', 51),
(443, 'keyboard', 99),
(444, 'keyboard', 99),
(445, 'laptop', 99),
(446, 'tv', 90),
(447, 'keyboard', 89),
(448, 'keyboard', 99),
(449, 'person', 99),
(450, 'laptop', 99),
(451, 'chair', 98),
(452, 'chair', 91),
(453, 'laptop', 99),
(454, 'person', 98),
(455, 'cup', 98),
(456, 'bottle', 69),
(457, 'clock', 99),
(458, 'apple', 99),
(459, 'laptop', 99),
(460, 'potted plant', 98),
(461, 'dining table', 87),
(462, 'keyboard', 59),
(463, 'laptop', 99),
(464, 'laptop', 99),
(465, 'mouse', 72),
(466, 'dining table', 61),
(467, 'keyboard', 55),
(468, 'laptop', 99),
(469, 'tv', 99),
(470, 'keyboard', 57),
(471, 'fork', 99),
(472, 'laptop', 99),
(473, 'vase', 97),
(474, 'person', 96),
(475, 'sandwich', 91),
(476, 'chair', 71),
(477, 'cup', 68),
(478, 'bed', 65),
(479, 'keyboard', 57),
(480, 'microwave', 99),
(481, 'bottle', 95),
(482, 'bottle', 87),
(483, 'bottle', 86),
(484, 'bottle', 84),
(485, 'bottle', 82),
(486, 'bottle', 63),
(487, 'refrigerator', 60),
(488, 'bottle', 56),
(489, 'bottle', 53),
(490, 'bottle', 52),
(491, 'bottle', 52),
(492, 'microwave', 99),
(493, 'microwave', 99),
(494, 'potted plant', 99),
(495, 'microwave', 99),
(496, 'bowl', 99),
(497, 'microwave', 99),
(498, 'person', 99),
(499, 'pizza', 99),
(500, 'pizza', 99),
(501, 'microwave', 91),
(502, 'oven', 89),
(503, 'pizza', 84),
(504, 'mouse', 99),
(505, 'motorcycle', 80),
(506, 'cat', 95),
(507, 'mouse', 99),
(508, 'traffic light', 63),
(509, 'mouse', 59),
(510, 'mouse', 99),
(511, 'oven', 99),
(512, 'oven', 98),
(513, 'oven', 97),
(514, 'pizza', 84),
(515, 'oven', 76),
(516, 'oven', 99),
(517, 'pizza', 95),
(518, 'clock', 87),
(519, 'oven', 99),
(520, 'bowl', 98),
(521, 'oven', 94),
(522, 'bottle', 83),
(523, 'oven', 83),
(524, 'bottle', 79),
(525, 'bowl', 75),
(526, 'bottle', 74),
(527, 'bowl', 64),
(528, 'pizza', 62),
(529, 'bowl', 52),
(530, 'microwave', 97),
(531, 'cake', 88),
(532, 'cake', 86),
(533, 'cake', 86),
(534, 'cake', 78),
(535, 'cake', 73),
(536, 'cake', 63),
(537, 'pizza', 53),
(538, 'cake', 97),
(539, 'microwave', 94),
(540, 'vase', 86),
(541, 'potted plant', 75),
(542, 'orange', 71),
(543, 'oven', 69),
(544, 'potted plant', 68),
(545, 'sandwich', 65),
(546, 'cake', 65),
(547, 'cake', 56),
(548, 'dining table', 50),
(549, 'vase', 99),
(550, 'vase', 99),
(551, 'vase', 99),
(552, 'potted plant', 94),
(553, 'potted plant', 81),
(554, 'vase', 99),
(555, 'vase', 98),
(556, 'vase', 98),
(557, 'potted plant', 96),
(558, 'potted plant', 94),
(559, 'potted plant', 89),
(560, 'dining table', 72),
(561, 'cup', 57),
(562, 'vase', 99),
(563, 'vase', 97),
(564, 'potted plant', 95),
(565, 'vase', 92),
(566, 'potted plant', 90),
(567, 'potted plant', 81),
(568, 'dining table', 73),
(569, 'vase', 73),
(570, 'vase', 68),
(571, 'dining table', 63),
(572, 'vase', 97),
(573, 'potted plant', 97),
(574, 'vase', 85),
(575, 'book', 61),
(576, 'potted plant', 99),
(577, 'vase', 99),
(578, 'bed', 73),
(579, 'cup', 99),
(580, 'vase', 99),
(581, 'potted plant', 97),
(582, 'dining table', 96),
(583, 'vase', 98),
(584, 'cup', 95),
(585, 'potted plant', 90),
(586, 'person', 69),
(587, 'couch', 67),
(588, 'bowl', 64),
(589, 'person', 59),
(590, 'potted plant', 57),
(591, 'vase', 99),
(592, 'dining table', 98),
(593, 'potted plant', 97),
(594, 'chair', 58),
(595, 'vase', 99),
(596, 'potted plant', 99),
(597, 'dining table', 78),
(598, 'vase', 77),
(599, 'refrigerator', 99),
(600, 'bottle', 99),
(601, 'bottle', 97),
(602, 'bottle', 97),
(603, 'bottle', 95),
(604, 'bottle', 91),
(605, 'refrigerator', 90),
(606, 'bowl', 80),
(607, 'refrigerator', 91),
(608, 'refrigerator', 79),
(609, 'bottle', 99),
(610, 'cup', 99),
(611, 'refrigerator', 99),
(612, 'bottle', 98),
(613, 'bottle', 97),
(614, 'bottle', 97),
(615, 'bottle', 94),
(616, 'pizza', 83),
(617, 'bottle', 73),
(618, 'bottle', 73),
(619, 'bottle', 63),
(620, 'book', 55),
(621, 'refrigerator', 99),
(622, 'bottle', 97),
(623, 'bottle', 94),
(624, 'bottle', 93),
(625, 'bottle', 82),
(626, 'bottle', 76),
(627, 'bottle', 71),
(628, 'refrigerator', 56),
(629, 'cup', 55),
(630, 'bottle', 55),
(631, 'bottle', 50),
(632, 'bottle', 99),
(633, 'refrigerator', 99),
(634, 'vase', 98),
(635, 'bottle', 93),
(636, 'potted plant', 89),
(637, 'potted plant', 83),
(638, 'bottle', 67),
(639, 'chair', 56),
(640, 'vase', 53),
(641, 'remote', 99),
(642, 'remote', 99),
(643, 'remote', 99),
(644, 'remote', 99),
(645, 'remote', 99),
(646, 'remote', 92),
(647, 'remote', 91),
(648, 'remote', 89),
(649, 'remote', 87),
(650, 'remote', 79),
(651, 'remote', 75),
(652, 'remote', 75),
(653, 'remote', 99),
(654, 'remote', 99),
(655, 'remote', 99),
(656, 'remote', 98),
(657, 'dining table', 84),
(658, 'cell phone', 60),
(659, 'scissors', 99),
(660, 'scissors', 99),
(661, 'scissors', 99),
(662, 'person', 92),
(663, 'person', 89),
(664, 'scissors', 54),
(665, 'scissors', 99),
(666, 'scissors', 99),
(667, 'scissors', 99),
(668, 'scissors', 99),
(669, 'scissors', 99),
(670, 'scissors', 99),
(671, 'scissors', 99),
(672, 'scissors', 99),
(673, 'scissors', 99),
(674, 'scissors', 99),
(675, 'book', 58),
(676, 'potted plant', 99),
(677, 'orange', 98),
(678, 'sink', 98),
(679, 'sink', 77),
(680, 'cup', 99),
(681, 'spoon', 99),
(682, 'spoon', 99),
(683, 'potted plant', 96),
(684, 'orange', 96),
(685, 'spoon', 96),
(686, 'orange', 91),
(687, 'vase', 88),
(688, 'orange', 86),
(689, 'bowl', 79),
(690, 'orange', 78),
(691, 'spoon', 77),
(692, 'chair', 62),
(693, 'banana', 59),
(694, 'apple', 53),
(695, 'orange', 98),
(696, 'knife', 97),
(697, 'orange', 96),
(698, 'potted plant', 98),
(699, 'bowl', 97),
(700, 'cup', 90),
(701, 'bowl', 78),
(702, 'orange', 77),
(703, 'bowl', 65),
(704, 'spoon', 62),
(705, 'sink', 60),
(706, 'orange', 59),
(707, 'potted plant', 99),
(708, 'vase', 97),
(709, 'sink', 99),
(710, 'bowl', 98),
(711, 'sink', 56),
(712, 'person', 99),
(713, 'teddy bear', 99),
(714, 'bench', 83),
(715, 'chair', 69),
(716, 'teddy bear', 99),
(717, 'vase', 98),
(718, 'potted plant', 96),
(719, 'teddy bear', 96),
(720, 'teddy bear', 80),
(721, 'teddy bear', 72),
(722, 'teddy bear', 66),
(723, 'teddy bear', 99),
(724, 'teddy bear', 99),
(725, 'teddy bear', 97),
(726, 'tie', 60),
(727, 'toaster', 99),
(728, 'donut', 70),
(729, 'sandwich', 54),
(730, 'toaster', 99),
(731, 'toaster', 99),
(732, 'toaster', 95),
(733, 'cake', 93),
(734, 'cake', 82),
(735, 'dining table', 75),
(736, 'cake', 54),
(737, 'cell phone', 52),
(738, 'oven', 87),
(739, 'dining table', 84),
(740, 'dining table', 72),
(741, 'dining table', 66),
(742, 'microwave', 58),
(743, 'toilet', 99),
(744, 'toilet', 99),
(745, 'vase', 99),
(746, 'toilet', 94),
(747, 'potted plant', 83),
(748, 'toilet', 99),
(749, 'toothbrush', 99),
(750, 'toothbrush', 99),
(751, 'toothbrush', 98),
(752, 'toothbrush', 99),
(753, 'toothbrush', 99),
(754, 'toothbrush', 99),
(755, 'toothbrush', 99),
(756, 'toothbrush', 98),
(757, 'toothbrush', 97),
(758, 'cup', 78),
(759, 'toothbrush', 66),
(760, 'person', 99),
(761, 'cup', 91),
(762, 'toothbrush', 83),
(763, 'person', 75),
(764, 'person', 51),
(765, 'toothbrush', 99),
(766, 'cup', 99),
(767, 'toothbrush', 99),
(768, 'potted plant', 90),
(769, 'toothbrush', 99),
(770, 'toothbrush', 97),
(771, 'toothbrush', 97),
(772, 'tv', 99),
(773, 'tv', 99),
(774, 'tv', 99),
(775, 'tv', 99),
(776, 'tv', 98),
(777, 'tv', 98),
(778, 'person', 98),
(779, 'person', 97),
(780, 'tv', 97),
(781, 'tv', 97),
(782, 'tv', 97),
(783, 'tv', 96),
(784, 'tv', 96),
(785, 'tv', 93),
(786, 'tv', 92),
(787, 'person', 91),
(788, 'person', 83),
(789, 'person', 78),
(790, 'remote', 75),
(791, 'person', 75),
(792, 'tv', 99),
(793, 'tv', 99),
(794, 'tv', 98),
(795, 'tv', 98),
(796, 'tv', 94),
(797, 'tv', 81),
(798, 'tv', 77),
(799, 'person', 99),
(800, 'tv', 99),
(801, 'person', 97),
(802, 'person', 96),
(803, 'chair', 78),
(804, 'cell phone', 70),
(805, 'couch', 55),
(806, 'person', 51),
(807, 'vase', 99),
(808, 'vase', 99),
(809, 'tv', 99),
(810, 'cat', 99),
(811, 'potted plant', 96),
(812, 'person', 95),
(813, 'cat', 93),
(814, 'book', 93),
(815, 'book', 74),
(816, 'book', 67),
(817, 'book', 62),
(818, 'book', 60),
(819, 'book', 59),
(820, 'book', 59),
(821, 'chair', 55),
(822, 'book', 54),
(823, 'book', 54),
(824, 'tv', 99),
(825, 'person', 99),
(826, 'person', 96),
(827, 'tv', 95),
(828, 'book', 83),
(829, 'vase', 82),
(830, 'person', 80),
(831, 'book', 78),
(832, 'book', 67),
(833, 'book', 62),
(834, 'vase', 99),
(835, 'vase', 99),
(836, 'dining table', 72),
(837, 'vase', 99),
(838, 'vase', 99),
(839, 'vase', 99),
(840, 'vase', 99),
(841, 'dining table', 86),
(842, 'vase', 99),
(843, 'dining table', 87),
(844, 'cake', 99),
(845, 'person', 99),
(846, 'dining table', 64),
(847, 'bowl', 61),
(848, 'cake', 99),
(849, 'bowl', 91),
(850, 'spoon', 89),
(851, 'dining table', 83),
(852, 'cake', 72),
(853, 'cake', 60),
(854, 'bicycle', 99),
(855, 'bicycle', 99),
(856, 'chair', 99),
(857, 'chair', 98),
(858, 'chair', 96),
(859, 'zebra', 99),
(860, 'person', 96),
(861, 'bird', 81),
(862, 'person', 99),
(863, 'person', 99),
(864, 'truck', 99),
(865, 'truck', 99),
(866, 'motorcycle', 99),
(867, 'truck', 98),
(868, 'motorcycle', 97),
(869, 'person', 88),
(870, 'person', 81),
(871, 'person', 73),
(872, 'person', 53),
(873, 'person', 99),
(874, 'person', 99),
(875, 'person', 99),
(876, 'person', 98),
(877, 'person', 98),
(878, 'person', 97),
(879, 'person', 96),
(880, 'person', 89),
(881, 'person', 86),
(882, 'person', 84),
(883, 'truck', 84),
(884, 'truck', 72),
(885, 'person', 69),
(886, 'car', 69),
(887, 'person', 68),
(888, 'person', 65),
(889, 'person', 61),
(890, 'person', 58),
(891, 'person', 56),
(892, 'person', 53),
(893, 'train', 99),
(894, 'person', 90),
(895, 'bus', 61),
(896, 'person', 61),
(897, 'bear', 99),
(898, 'bench', 95),
(899, 'bear', 90),
(900, 'teddy bear', 80),
(901, 'bus', 99),
(902, 'bus', 99),
(903, 'bus', 99),
(904, 'person', 98),
(905, 'bus', 97),
(906, 'person', 97),
(907, 'person', 92),
(908, 'fire hydrant', 99),
(909, 'chair', 97),
(910, 'bench', 86),
(911, 'bench', 79),
(912, 'chair', 79),
(913, 'person', 99),
(914, 'person', 99),
(915, 'person', 71),
(916, 'bird', 56),
(917, 'cat', 99),
(918, 'cat', 99),
(919, 'dog', 78),
(920, 'person', 99),
(921, 'person', 99),
(922, 'zebra', 99),
(923, 'person', 99),
(924, 'person', 99),
(925, 'person', 99),
(926, 'person', 99),
(927, 'person', 97),
(928, 'baseball bat', 66),
(929, 'person', 99),
(930, 'motorcycle', 99),
(931, 'motorcycle', 99),
(932, 'motorcycle', 99),
(933, 'person', 99),
(934, 'person', 99),
(935, 'person', 98),
(936, 'person', 98),
(937, 'car', 96),
(938, 'motorcycle', 93),
(939, 'motorcycle', 90),
(940, 'bicycle', 90),
(941, 'umbrella', 87),
(942, 'person', 86),
(943, 'umbrella', 86),
(944, 'person', 84),
(945, 'person', 79),
(946, 'car', 74),
(947, 'person', 72),
(948, 'motorcycle', 67),
(949, 'stop sign', 99),
(950, 'stop sign', 67),
(951, 'stop sign', 67),
(952, 'person', 99),
(953, 'person', 99),
(954, 'motorcycle', 99),
(955, 'person', 99),
(956, 'person', 99),
(957, 'person', 99),
(958, 'person', 99),
(959, 'person', 98),
(960, 'person', 95),
(961, 'motorcycle', 95),
(962, 'umbrella', 94),
(963, 'motorcycle', 94),
(964, 'umbrella', 93),
(965, 'umbrella', 92),
(966, 'umbrella', 88),
(967, 'motorcycle', 87),
(968, 'horse', 86),
(969, 'person', 82),
(970, 'motorcycle', 81),
(971, 'bus', 99),
(972, 'person', 99),
(973, 'person', 99),
(974, 'person', 99),
(975, 'person', 99),
(976, 'person', 98),
(977, 'car', 97),
(978, 'motorcycle', 97),
(979, 'person', 94),
(980, 'car', 93),
(981, 'person', 90),
(982, 'person', 90),
(983, 'handbag', 83),
(984, 'person', 64),
(985, 'person', 56),
(986, 'motorcycle', 53),
(987, 'cat', 99),
(988, 'keyboard', 99),
(989, 'person', 93),
(990, 'tv', 87),
(991, 'laptop', 87),
(992, 'person', 56),
(993, 'sheep', 99),
(994, 'cow', 98),
(995, 'horse', 96),
(996, 'dog', 93),
(997, 'horse', 90),
(998, 'sheep', 75),
(999, 'person', 66),
(1000, 'person', 57),
(1001, 'sheep', 56),
(1002, 'motorcycle', 99),
(1003, 'motorcycle', 99),
(1004, 'motorcycle', 98),
(1005, 'person', 98),
(1006, 'chair', 89),
(1007, 'person', 84),
(1008, 'motorcycle', 82),
(1009, 'bicycle', 75),
(1010, 'chair', 60),
(1011, 'person', 59),
(1012, 'person', 99),
(1013, 'backpack', 99),
(1014, 'car', 99),
(1015, 'person', 99),
(1016, 'person', 98),
(1017, 'handbag', 84),
(1018, 'cell phone', 84),
(1019, 'bus', 99),
(1020, 'car', 99),
(1021, 'motorcycle', 99),
(1022, 'car', 97),
(1023, 'person', 94),
(1024, 'motorcycle', 94),
(1025, 'person', 86),
(1026, 'person', 85),
(1027, 'motorcycle', 83),
(1028, 'motorcycle', 82),
(1029, 'motorcycle', 67),
(1030, 'person', 64),
(1031, 'motorcycle', 61),
(1032, 'truck', 99),
(1033, 'truck', 98),
(1034, 'car', 97),
(1035, 'truck', 95),
(1036, 'truck', 94),
(1037, 'person', 91),
(1038, 'truck', 90),
(1039, 'person', 86),
(1040, 'person', 85),
(1041, 'truck', 75),
(1042, 'person', 63),
(1043, 'airplane', 99),
(1044, 'airplane', 99),
(1045, 'horse', 99),
(1046, 'bus', 99),
(1047, 'person', 99),
(1048, 'car', 99),
(1049, 'person', 99),
(1050, 'person', 99),
(1051, 'horse', 92),
(1052, 'car', 92),
(1053, 'horse', 75),
(1054, 'fire hydrant', 99),
(1055, 'motorcycle', 99),
(1056, 'truck', 99),
(1057, 'person', 98),
(1058, 'motorcycle', 96),
(1059, 'motorcycle', 89),
(1060, 'person', 88),
(1061, 'chair', 76),
(1062, 'person', 99),
(1063, 'car', 98),
(1064, 'person', 96),
(1065, 'person', 87),
(1066, 'car', 81),
(1067, 'truck', 58),
(1068, 'bird', 99),
(1069, 'boat', 99),
(1070, 'boat', 98),
(1071, 'elephant', 99),
(1072, 'elephant', 99),
(1073, 'person', 99),
(1074, 'person', 87),
(1075, 'person', 80),
(1076, 'person', 73),
(1077, 'person', 73),
(1078, 'person', 71),
(1079, 'person', 67),
(1080, 'person', 58),
(1081, 'car', 99),
(1082, 'car', 99),
(1083, 'motorcycle', 99),
(1084, 'car', 99),
(1085, 'car', 98),
(1086, 'car', 96),
(1087, 'car', 96),
(1088, 'car', 95),
(1089, 'car', 83),
(1090, 'car', 83),
(1091, 'car', 81),
(1092, 'car', 77),
(1093, 'person', 68),
(1094, 'bus', 99),
(1095, 'bus', 99),
(1096, 'bus', 99),
(1097, 'bus', 98),
(1098, 'bus', 84),
(1099, 'person', 76),
(1100, 'person', 74),
(1101, 'car', 68),
(1102, 'dog', 99),
(1103, 'dog', 99),
(1104, 'dog', 99),
(1105, 'sports ball', 62),
(1106, 'person', 99),
(1107, 'umbrella', 99),
(1108, 'person', 99),
(1109, 'person', 99),
(1110, 'backpack', 98),
(1111, 'backpack', 94),
(1112, 'person', 94),
(1113, 'person', 94),
(1114, 'person', 94),
(1115, 'person', 79),
(1116, 'handbag', 71),
(1117, 'backpack', 66),
(1118, 'person', 62),
(1119, 'backpack', 59),
(1120, 'person', 55),
(1121, 'backpack', 53),
(1122, 'person', 99),
(1123, 'person', 99),
(1124, 'person', 99),
(1125, 'bench', 99),
(1126, 'person', 98),
(1127, 'umbrella', 98),
(1128, 'handbag', 96),
(1129, 'handbag', 95),
(1130, 'handbag', 81),
(1131, 'motorcycle', 99),
(1132, 'person', 99),
(1133, 'person', 99),
(1134, 'motorcycle', 98),
(1135, 'person', 98),
(1136, 'motorcycle', 98),
(1137, 'person', 98),
(1138, 'motorcycle', 97),
(1139, 'person', 97),
(1140, 'motorcycle', 96),
(1141, 'person', 96),
(1142, 'motorcycle', 93),
(1143, 'suitcase', 51),
(1144, 'person', 51),
(1145, 'person', 99),
(1146, 'handbag', 99),
(1147, 'car', 99),
(1148, 'tie', 98),
(1149, 'car', 96),
(1150, 'tie', 84),
(1151, 'person', 82),
(1152, 'car', 58),
(1153, 'fire hydrant', 99),
(1154, 'traffic light', 99),
(1155, 'traffic light', 98),
(1156, 'car', 98),
(1157, 'traffic light', 98),
(1158, 'person', 97),
(1159, 'traffic light', 97),
(1160, 'traffic light', 96),
(1161, 'person', 94),
(1162, 'car', 93),
(1163, 'traffic light', 91),
(1164, 'traffic light', 86),
(1165, 'traffic light', 86),
(1166, 'person', 84),
(1167, 'traffic light', 82),
(1168, 'car', 81),
(1169, 'car', 77),
(1170, 'traffic light', 76),
(1171, 'car', 66),
(1172, 'person', 62),
(1173, 'bench', 99),
(1174, 'car', 99),
(1175, 'person', 99),
(1176, 'sheep', 99),
(1177, 'person', 99),
(1178, 'sheep', 98),
(1179, 'person', 97),
(1180, 'person', 92),
(1181, 'person', 91),
(1182, 'person', 89),
(1183, 'person', 89),
(1184, 'person', 81),
(1185, 'person', 80),
(1186, 'person', 80),
(1187, 'person', 75),
(1188, 'person', 72),
(1189, 'person', 69),
(1190, 'person', 68),
(1191, 'person', 67),
(1192, 'person', 66),
(1193, 'person', 66),
(1194, 'person', 65),
(1195, 'person', 99),
(1196, 'boat', 76),
(1197, 'boat', 70),
(1198, 'bird', 64),
(1199, 'person', 99),
(1200, 'handbag', 93),
(1201, 'airplane', 99),
(1202, 'airplane', 99),
(1203, 'airplane', 98),
(1204, 'airplane', 98),
(1205, 'airplane', 98),
(1206, 'airplane', 98),
(1207, 'airplane', 98),
(1208, 'airplane', 98),
(1209, 'airplane', 97),
(1210, 'airplane', 96),
(1211, 'airplane', 96),
(1212, 'airplane', 95),
(1213, 'airplane', 95),
(1214, 'airplane', 93),
(1215, 'airplane', 92),
(1216, 'airplane', 92),
(1217, 'airplane', 91),
(1218, 'airplane', 90),
(1219, 'airplane', 88),
(1220, 'airplane', 87),
(1221, 'truck', 99),
(1222, 'motorcycle', 99),
(1223, 'person', 99),
(1224, 'person', 99),
(1225, 'person', 99),
(1226, 'person', 98),
(1227, 'motorcycle', 93),
(1228, 'person', 91),
(1229, 'person', 86),
(1230, 'person', 86),
(1231, 'truck', 83),
(1232, 'person', 63),
(1233, 'person', 54),
(1234, 'cat', 99),
(1235, 'person', 99),
(1236, 'bowl', 98),
(1237, 'person', 99),
(1238, 'person', 99),
(1239, 'person', 99),
(1240, 'person', 99),
(1241, 'boat', 98),
(1242, 'boat', 89),
(1243, 'boat', 87),
(1244, 'car', 99),
(1245, 'car', 98),
(1246, 'motorcycle', 98),
(1247, 'car', 98),
(1248, 'car', 97),
(1249, 'car', 96),
(1250, 'car', 95),
(1251, 'car', 95),
(1252, 'person', 95),
(1253, 'motorcycle', 94),
(1254, 'motorcycle', 92),
(1255, 'person', 92),
(1256, 'person', 91),
(1257, 'motorcycle', 91),
(1258, 'person', 87),
(1259, 'person', 85),
(1260, 'car', 84),
(1261, 'car', 82),
(1262, 'person', 81),
(1263, 'person', 80),
(1264, 'person', 99),
(1265, 'person', 99),
(1266, 'person', 99),
(1267, 'person', 99),
(1268, 'car', 99),
(1269, 'car', 99),
(1270, 'umbrella', 99),
(1271, 'car', 98),
(1272, 'handbag', 97),
(1273, 'car', 97),
(1274, 'umbrella', 95),
(1275, 'car', 95),
(1276, 'umbrella', 92),
(1277, 'umbrella', 76),
(1278, 'handbag', 72),
(1279, 'handbag', 53),
(1280, 'person', 99),
(1281, 'backpack', 99),
(1282, 'suitcase', 99),
(1283, 'person', 97),
(1284, 'person', 90),
(1285, 'suitcase', 83),
(1286, 'car', 80),
(1287, 'person', 99),
(1288, 'sports ball', 99),
(1289, 'person', 99),
(1290, 'dog', 97),
(1291, 'bear', 56),
(1292, 'bear', 99),
(1293, 'person', 90),
(1294, 'backpack', 89),
(1295, 'backpack', 57),
(1296, 'person', 99),
(1297, 'person', 99),
(1298, 'person', 99),
(1299, 'backpack', 99),
(1300, 'backpack', 98),
(1301, 'backpack', 87),
(1302, 'cat', 99),
(1303, 'cat', 99),
(1304, 'cat', 98),
(1305, 'cat', 95),
(1306, 'cat', 89),
(1307, 'cat', 58),
(1308, 'car', 99),
(1309, 'person', 99),
(1310, 'truck', 99),
(1311, 'truck', 98),
(1312, 'motorcycle', 98),
(1313, 'person', 97),
(1314, 'person', 96),
(1315, 'motorcycle', 96),
(1316, 'motorcycle', 93),
(1317, 'bus', 91),
(1318, 'bus', 90),
(1319, 'motorcycle', 87),
(1320, 'person', 82),
(1321, 'person', 81),
(1322, 'truck', 67),
(1323, 'car', 62),
(1324, 'bird', 99),
(1325, 'bird', 99),
(1326, 'bird', 99),
(1327, 'bird', 99),
(1328, 'bird', 98),
(1329, 'bird', 97),
(1330, 'bird', 67),
(1331, 'bird', 63),
(1332, 'bird', 99),
(1333, 'bird', 95),
(1334, 'bird', 71),
(1335, 'bird', 64),
(1336, 'person', 99),
(1337, 'car', 99),
(1338, 'person', 99),
(1339, 'person', 97),
(1340, 'person', 97),
(1341, 'person', 96),
(1342, 'person', 94),
(1343, 'horse', 93),
(1344, 'horse', 91),
(1345, 'person', 90),
(1346, 'horse', 89),
(1347, 'person', 84),
(1348, 'horse', 74),
(1349, 'horse', 56),
(1350, 'horse', 51),
(1351, 'car', 99),
(1352, 'car', 99),
(1353, 'person', 99),
(1354, 'person', 99),
(1355, 'person', 99),
(1356, 'car', 98),
(1357, 'car', 97),
(1358, 'car', 96),
(1359, 'person', 96),
(1360, 'person', 94),
(1361, 'person', 92),
(1362, 'person', 92),
(1363, 'person', 91),
(1364, 'car', 84),
(1365, 'person', 83),
(1366, 'car', 82),
(1367, 'person', 81),
(1368, 'person', 80),
(1369, 'person', 78),
(1370, 'person', 73),
(1371, 'person', 99),
(1372, 'dog', 99),
(1373, 'person', 99),
(1374, 'person', 99),
(1375, 'motorcycle', 99),
(1376, 'person', 99),
(1377, 'person', 98),
(1378, 'bench', 95),
(1379, 'car', 94),
(1380, 'person', 92),
(1381, 'person', 89),
(1382, 'person', 88),
(1383, 'person', 78),
(1384, 'person', 73),
(1385, 'person', 63),
(1386, 'person', 61),
(1387, 'bird', 99),
(1388, 'bird', 97),
(1389, 'person', 99),
(1390, 'boat', 95),
(1391, 'boat', 88),
(1392, 'boat', 57),
(1393, 'cow', 99),
(1394, 'cow', 99),
(1395, 'cow', 99),
(1396, 'cow', 99),
(1397, 'cow', 99),
(1398, 'cow', 95),
(1399, 'cow', 92),
(1400, 'cow', 89),
(1401, 'cow', 66),
(1402, 'cow', 65),
(1403, 'cow', 59),
(1404, 'horse', 50),
(1405, 'cow', 99),
(1406, 'cow', 99),
(1407, 'cow', 97),
(1408, 'cow', 97),
(1409, 'dog', 94),
(1410, 'cow', 88),
(1411, 'cat', 99),
(1412, 'person', 99),
(1413, 'motorcycle', 99),
(1414, 'motorcycle', 99),
(1415, 'motorcycle', 99),
(1416, 'motorcycle', 99),
(1417, 'person', 99),
(1418, 'person', 99),
(1419, 'motorcycle', 98),
(1420, 'person', 96),
(1421, 'person', 94),
(1422, 'person', 94),
(1423, 'person', 94),
(1424, 'person', 93),
(1425, 'car', 93),
(1426, 'motorcycle', 90),
(1427, 'person', 90),
(1428, 'motorcycle', 86),
(1429, 'person', 82),
(1430, 'person', 81),
(1431, 'person', 79),
(1432, 'person', 76),
(1433, 'dog', 99),
(1434, 'bird', 98),
(1435, 'chair', 95),
(1436, 'bird', 93),
(1437, 'bird', 92),
(1438, 'bird', 86),
(1439, 'bird', 71),
(1440, 'person', 99),
(1441, 'backpack', 98),
(1442, 'backpack', 87),
(1443, 'train', 99),
(1444, 'person', 93),
(1445, 'person', 99),
(1446, 'person', 99),
(1447, 'bicycle', 99),
(1448, 'bicycle', 99),
(1449, 'person', 89),
(1450, 'bicycle', 87),
(1451, 'elephant', 99),
(1452, 'elephant', 99),
(1453, 'person', 99),
(1454, 'elephant', 99),
(1455, 'person', 99),
(1456, 'person', 98),
(1457, 'person', 97),
(1458, 'person', 95),
(1459, 'person', 95),
(1460, 'person', 87),
(1461, 'person', 84),
(1462, 'person', 71),
(1463, 'person', 63),
(1464, 'person', 99),
(1465, 'motorcycle', 99),
(1466, 'car', 99),
(1467, 'person', 99),
(1468, 'person', 99),
(1469, 'person', 99),
(1470, 'backpack', 98),
(1471, 'person', 98),
(1472, 'person', 97),
(1473, 'person', 97),
(1474, 'person', 97),
(1475, 'person', 96),
(1476, 'person', 92),
(1477, 'person', 91),
(1478, 'person', 83),
(1479, 'person', 74),
(1480, 'person', 67),
(1481, 'person', 66),
(1482, 'person', 57),
(1483, 'person', 53),
(1484, 'person', 51),
(1485, 'person', 51),
(1486, 'train', 99),
(1487, 'person', 99),
(1488, 'giraffe', 99),
(1489, 'person', 99),
(1490, 'person', 98),
(1491, 'truck', 93),
(1492, 'person', 83),
(1493, 'person', 79),
(1494, 'baseball bat', 68),
(1495, 'giraffe', 99),
(1496, 'giraffe', 99),
(1497, 'giraffe', 99),
(1498, 'person', 99),
(1499, 'person', 99),
(1500, 'bicycle', 99),
(1501, 'bicycle', 98),
(1502, 'bicycle', 97),
(1503, 'suitcase', 92),
(1504, 'bicycle', 77),
(1505, 'bicycle', 56),
(1506, 'person', 99),
(1507, 'dog', 99),
(1508, 'apple', 97),
(1509, 'bus', 99),
(1510, 'person', 99),
(1511, 'motorcycle', 98),
(1512, 'person', 96),
(1513, 'person', 93),
(1514, 'backpack', 84),
(1515, 'person', 82),
(1516, 'person', 77),
(1517, 'person', 52),
(1518, 'person', 99),
(1519, 'sheep', 99),
(1520, 'sheep', 99),
(1521, 'sheep', 92),
(1522, 'sheep', 79),
(1523, 'sheep', 72),
(1524, 'sheep', 63),
(1525, 'sheep', 62),
(1526, 'sheep', 58),
(1527, 'remote', 57),
(1528, 'teddy bear', 50),
(1529, 'person', 50),
(1530, 'horse', 99),
(1531, 'horse', 99),
(1532, 'person', 99),
(1533, 'person', 87),
(1534, 'person', 85),
(1535, 'fire hydrant', 99),
(1536, 'bottle', 79),
(1537, 'person', 60),
(1538, 'dog', 99),
(1539, 'person', 99),
(1540, 'dog', 83),
(1541, 'person', 99),
(1542, 'person', 99),
(1543, 'bicycle', 99),
(1544, 'bicycle', 99),
(1545, 'person', 99),
(1546, 'bicycle', 99),
(1547, 'person', 95),
(1548, 'bicycle', 87),
(1549, 'person', 81),
(1550, 'person', 76),
(1551, 'bicycle', 99),
(1552, 'tv', 88),
(1553, 'chair', 87),
(1554, 'chair', 74),
(1555, 'chair', 70),
(1556, 'chair', 63),
(1557, 'person', 99),
(1558, 'person', 99),
(1559, 'bicycle', 99),
(1560, 'person', 99),
(1561, 'car', 99),
(1562, 'bicycle', 99),
(1563, 'bicycle', 97),
(1564, 'car', 96),
(1565, 'person', 73),
(1566, 'person', 66),
(1567, 'bicycle', 60),
(1568, 'bicycle', 60),
(1569, 'car', 54),
(1570, 'car', 99),
(1571, 'car', 99),
(1572, 'car', 99),
(1573, 'person', 50),
(1574, 'person', 99),
(1575, 'car', 99),
(1576, 'person', 99),
(1577, 'car', 99),
(1578, 'car', 99),
(1579, 'person', 99),
(1580, 'chair', 51),
(1581, 'motorcycle', 99),
(1582, 'person', 99),
(1583, 'person', 88),
(1584, 'airplane', 99),
(1585, 'airplane', 99),
(1586, 'car', 94),
(1587, 'airplane', 76),
(1588, 'airplane', 67),
(1589, 'truck', 66),
(1590, 'airplane', 58),
(1591, 'airplane', 99),
(1592, 'airplane', 99),
(1593, 'tv', 93),
(1594, 'airplane', 99),
(1595, 'airplane', 99),
(1596, 'airplane', 99),
(1597, 'truck', 67),
(1598, 'bus', 99),
(1599, 'bus', 99),
(1600, 'bus', 99),
(1601, 'person', 98),
(1602, 'person', 97),
(1603, 'person', 96),
(1604, 'person', 95),
(1605, 'person', 92),
(1606, 'person', 89),
(1607, 'person', 89),
(1608, 'person', 88),
(1609, 'person', 84),
(1610, 'person', 78),
(1611, 'person', 76),
(1612, 'bus', 67),
(1613, 'person', 63),
(1614, 'person', 62),
(1615, 'person', 57),
(1616, 'traffic light', 99),
(1617, 'traffic light', 99),
(1618, 'traffic light', 98),
(1619, 'car', 98),
(1620, 'truck', 97),
(1621, 'truck', 96),
(1622, 'car', 86),
(1623, 'car', 60),
(1624, 'traffic light', 54),
(1625, 'truck', 52),
(1626, 'car', 99),
(1627, 'traffic light', 99),
(1628, 'traffic light', 98),
(1629, 'traffic light', 95),
(1630, 'car', 65),
(1631, 'car', 99),
(1632, 'car', 99),
(1633, 'car', 99),
(1634, 'car', 99),
(1635, 'traffic light', 98),
(1636, 'train', 97),
(1637, 'traffic light', 97),
(1638, 'car', 96),
(1639, 'traffic light', 96),
(1640, 'traffic light', 88),
(1641, 'car', 87),
(1642, 'car', 74),
(1643, 'traffic light', 73),
(1644, 'truck', 63),
(1645, 'car', 60),
(1646, 'car', 57),
(1647, 'car', 54),
(1648, 'car', 54),
(1649, 'traffic light', 50),
(1650, 'car', 99),
(1651, 'traffic light', 99),
(1652, 'car', 99),
(1653, 'car', 99),
(1654, 'car', 80),
(1655, 'car', 64),
(1656, 'person', 99),
(1657, 'fire hydrant', 99),
(1658, 'chair', 64),
(1659, 'fire hydrant', 99),
(1660, 'dog', 99),
(1661, 'person', 99),
(1662, 'fire hydrant', 99),
(1663, 'potted plant', 74),
(1664, 'fire hydrant', 99),
(1665, 'car', 99),
(1666, 'car', 98),
(1667, 'traffic light', 79),
(1668, 'fire hydrant', 99),
(1669, 'potted plant', 86),
(1670, 'person', 57),
(1671, 'stop sign', 99),
(1672, 'car', 99),
(1673, 'car', 99),
(1674, 'car', 99),
(1675, 'truck', 80),
(1676, 'stop sign', 99),
(1677, 'kite', 69),
(1678, 'stop sign', 99),
(1679, 'car', 99),
(1680, 'car', 99),
(1681, 'car', 88),
(1682, 'car', 58),
(1683, 'car', 57),
(1684, 'stop sign', 99),
(1685, 'car', 96),
(1686, 'car', 96),
(1687, 'car', 95),
(1688, 'car', 89),
(1689, 'car', 87),
(1690, 'car', 86),
(1691, 'truck', 82),
(1692, 'car', 82),
(1693, 'car', 75),
(1694, 'car', 72),
(1695, 'car', 62),
(1696, 'car', 57),
(1697, 'stop sign', 99),
(1698, 'bench', 74),
(1699, 'stop sign', 99),
(1700, 'car', 99),
(1701, 'car', 97),
(1702, 'car', 94),
(1703, 'truck', 92),
(1704, 'stop sign', 91),
(1705, 'car', 76),
(1706, 'car', 68),
(1707, 'train', 99),
(1708, 'person', 99),
(1709, 'person', 99),
(1710, 'person', 97),
(1711, 'person', 62),
(1712, 'truck', 99),
(1713, 'truck', 99),
(1714, 'truck', 99),
(1715, 'car', 99),
(1716, 'person', 98),
(1717, 'person', 99),
(1718, 'person', 99),
(1719, 'boat', 99),
(1720, 'boat', 99),
(1721, 'person', 77),
(1722, 'person', 70),
(1723, 'boat', 99),
(1724, 'boat', 99),
(1725, 'boat', 98),
(1726, 'person', 98),
(1727, 'boat', 97),
(1728, 'person', 96),
(1729, 'person', 95),
(1730, 'person', 94),
(1731, 'person', 94),
(1732, 'person', 94),
(1733, 'person', 88),
(1734, 'person', 87),
(1735, 'person', 64),
(1736, 'person', 56),
(1737, 'boat', 99),
(1738, 'boat', 96),
(1739, 'boat', 77),
(1740, 'person', 71),
(1741, 'person', 69),
(1742, 'person', 63),
(1743, 'boat', 99),
(1744, 'person', 99),
(1745, 'person', 98),
(1746, 'person', 97),
(1747, 'person', 95),
(1748, 'person', 81),
(1749, 'person', 80),
(1750, 'surfboard', 79),
(1751, 'traffic light', 99),
(1752, 'traffic light', 99),
(1753, 'traffic light', 99),
(1754, 'car', 96),
(1755, 'traffic light', 96),
(1756, 'traffic light', 58),
(1757, 'stop sign', 99),
(1758, 'car', 99),
(1759, 'person', 99),
(1760, 'person', 98),
(1761, 'motorcycle', 98),
(1762, 'person', 97),
(1763, 'car', 97),
(1764, 'person', 97),
(1765, 'person', 93),
(1766, 'person', 91),
(1767, 'car', 90),
(1768, 'car', 82),
(1769, 'person', 73),
(1770, 'person', 69),
(1771, 'truck', 65),
(1772, 'person', 63),
(1773, 'person', 59),
(1774, 'car', 57),
(1775, 'person', 51),
(1776, 'suitcase', 50),
(1777, 'stop sign', 99),
(1778, 'car', 95),
(1779, 'car', 99),
(1780, 'parking meter', 99),
(1781, 'car', 98),
(1782, 'car', 98),
(1783, 'truck', 96),
(1784, 'car', 88),
(1785, 'car', 81),
(1786, 'car', 77),
(1787, 'car', 99),
(1788, 'car', 99),
(1789, 'car', 99),
(1790, 'car', 98),
(1791, 'car', 97),
(1792, 'car', 96),
(1793, 'car', 92),
(1794, 'parking meter', 79),
(1795, 'bicycle', 58),
(1796, 'person', 99),
(1797, 'parking meter', 97),
(1798, 'parking meter', 96),
(1799, 'parking meter', 95),
(1800, 'car', 92),
(1801, 'parking meter', 92),
(1802, 'car', 90),
(1803, 'car', 88),
(1804, 'car', 83),
(1805, 'car', 81),
(1806, 'car', 76),
(1807, 'parking meter', 70),
(1808, 'car', 69),
(1809, 'truck', 65),
(1810, 'parking meter', 60),
(1811, 'car', 50),
(1812, 'person', 99),
(1813, 'car', 99),
(1814, 'parking meter', 99),
(1815, 'parking meter', 99),
(1816, 'parking meter', 99),
(1817, 'car', 80),
(1818, 'car', 52),
(1819, 'car', 51),
(1820, 'person', 98),
(1821, 'truck', 97),
(1822, 'parking meter', 96),
(1823, 'truck', 95),
(1824, 'car', 92),
(1825, 'suitcase', 89),
(1826, 'car', 86),
(1827, 'umbrella', 81),
(1828, 'umbrella', 79),
(1829, 'person', 79),
(1830, 'car', 56),
(1831, 'car', 99),
(1832, 'parking meter', 99),
(1833, 'car', 97),
(1834, 'refrigerator', 97),
(1835, 'car', 99),
(1836, 'car', 99),
(1837, 'car', 97),
(1838, 'parking meter', 96),
(1839, 'car', 77),
(1840, 'car', 99),
(1841, 'car', 99),
(1842, 'truck', 99),
(1843, 'car', 98),
(1844, 'car', 98),
(1845, 'parking meter', 97),
(1846, 'bench', 99),
(1847, 'person', 99),
(1848, 'book', 81),
(1849, 'bench', 72),
(1850, 'bench', 99),
(1851, 'bench', 99),
(1852, 'bench', 93),
(1853, 'bench', 90),
(1854, 'person', 99),
(1855, 'person', 98),
(1856, 'chair', 97),
(1857, 'person', 96),
(1858, 'bench', 87),
(1859, 'person', 82),
(1860, 'tennis racket', 76),
(1861, 'chair', 73),
(1862, 'bench', 99),
(1863, 'person', 99),
(1864, 'person', 94),
(1865, 'bench', 62),
(1866, 'person', 54),
(1867, 'person', 99),
(1868, 'bench', 99),
(1869, 'person', 53),
(1870, 'person', 99),
(1871, 'bench', 99),
(1872, 'bench', 94),
(1873, 'bench', 76),
(1874, 'person', 99),
(1875, 'bench', 99),
(1876, 'bench', 86),
(1877, 'bench', 51),
(1878, 'bench', 99),
(1879, 'car', 99),
(1880, 'bench', 91),
(1881, 'chair', 88),
(1882, 'bench', 81),
(1883, 'car', 69),
(1884, 'bird', 99),
(1885, 'person', 81),
(1886, 'bird', 90),
(1887, 'bird', 99),
(1888, 'cat', 99),
(1889, 'cat', 99),
(1890, 'chair', 95),
(1891, 'cat', 99),
(1892, 'cat', 99),
(1893, 'cat', 99),
(1894, 'cat', 99),
(1895, 'cat', 96),
(1896, 'cat', 95),
(1897, 'dog', 89),
(1898, 'refrigerator', 54),
(1899, 'person', 99),
(1900, 'dog', 97),
(1901, 'dog', 95),
(1902, 'dog', 94),
(1903, 'dog', 93),
(1904, 'cat', 85),
(1905, 'cat', 85),
(1906, 'cat', 72),
(1907, 'dog', 71),
(1908, 'cat', 69),
(1909, 'dog', 57),
(1910, 'cat', 55),
(1911, 'person', 51),
(1912, 'dog', 99),
(1913, 'person', 99),
(1914, 'baseball bat', 99),
(1915, 'dog', 99),
(1916, 'dog', 94),
(1917, 'car', 81),
(1918, 'dog', 99),
(1919, 'dog', 99),
(1920, 'person', 98),
(1921, 'bicycle', 97),
(1922, 'person', 96),
(1923, 'chair', 96),
(1924, 'person', 95),
(1925, 'person', 94),
(1926, 'person', 94),
(1927, 'person', 92),
(1928, 'person', 85),
(1929, 'person', 84),
(1930, 'person', 84),
(1931, 'person', 69),
(1932, 'handbag', 51),
(1933, 'person', 99),
(1934, 'dog', 99),
(1935, 'dog', 99),
(1936, 'umbrella', 98),
(1937, 'person', 97),
(1938, 'dog', 90),
(1939, 'horse', 84),
(1940, 'suitcase', 74),
(1941, 'person', 99),
(1942, 'dog', 99),
(1943, 'surfboard', 73),
(1944, 'horse', 99),
(1945, 'person', 96),
(1946, 'person', 95),
(1947, 'person', 62),
(1948, 'horse', 99),
(1949, 'person', 99),
(1950, 'horse', 99),
(1951, 'person', 98),
(1952, 'person', 97),
(1953, 'horse', 96),
(1954, 'person', 93),
(1955, 'person', 92),
(1956, 'horse', 91),
(1957, 'bottle', 82),
(1958, 'horse', 55),
(1959, 'horse', 99),
(1960, 'horse', 99),
(1961, 'horse', 96),
(1962, 'horse', 92),
(1963, 'cow', 92),
(1964, 'cow', 92),
(1965, 'horse', 91),
(1966, 'horse', 88),
(1967, 'horse', 86),
(1968, 'cow', 86),
(1969, 'horse', 86),
(1970, 'horse', 84),
(1971, 'horse', 81),
(1972, 'cow', 68),
(1973, 'cow', 58),
(1974, 'giraffe', 50),
(1975, 'horse', 99),
(1976, 'car', 99),
(1977, 'person', 99),
(1978, 'handbag', 80),
(1979, 'sheep', 99),
(1980, 'sheep', 99),
(1981, 'sheep', 99),
(1982, 'sheep', 99),
(1983, 'sheep', 99),
(1984, 'sheep', 99),
(1985, 'sheep', 96),
(1986, 'sheep', 83),
(1987, 'sheep', 82),
(1988, 'sheep', 55),
(1989, 'sheep', 99),
(1990, 'sheep', 99),
(1991, 'sheep', 98),
(1992, 'sheep', 98),
(1993, 'person', 98),
(1994, 'sheep', 97),
(1995, 'person', 97),
(1996, 'sheep', 97),
(1997, 'person', 87),
(1998, 'person', 81),
(1999, 'person', 79),
(2000, 'person', 75),
(2001, 'sheep', 74),
(2002, 'person', 72),
(2003, 'sheep', 69),
(2004, 'person', 61),
(2005, 'person', 60),
(2006, 'giraffe', 58),
(2007, 'bird', 55),
(2008, 'sheep', 99),
(2009, 'sheep', 99),
(2010, 'sheep', 98),
(2011, 'sheep', 98),
(2012, 'sheep', 98),
(2013, 'sheep', 97),
(2014, 'sheep', 94),
(2015, 'sheep', 93),
(2016, 'sheep', 81),
(2017, 'sheep', 81),
(2018, 'sheep', 61),
(2019, 'sheep', 57),
(2020, 'sheep', 53),
(2021, 'sheep', 51),
(2022, 'sheep', 97),
(2023, 'sheep', 95),
(2024, 'sheep', 81),
(2025, 'sheep', 72),
(2026, 'sheep', 70),
(2027, 'sheep', 67),
(2028, 'sheep', 62),
(2029, 'sheep', 56),
(2030, 'sheep', 51),
(2031, 'sheep', 99),
(2032, 'sheep', 99),
(2033, 'sheep', 99),
(2034, 'sheep', 98),
(2035, 'sheep', 97),
(2036, 'sheep', 93),
(2037, 'sheep', 87),
(2038, 'cow', 54),
(2039, 'cow', 99),
(2040, 'cow', 99),
(2041, 'cow', 96),
(2042, 'cow', 95),
(2043, 'cow', 85),
(2044, 'cow', 99),
(2045, 'person', 99),
(2046, 'person', 80),
(2047, 'person', 74),
(2048, 'person', 74),
(2049, 'cow', 99),
(2050, 'cow', 99),
(2051, 'cow', 98),
(2052, 'cow', 98),
(2053, 'cow', 94),
(2054, 'cow', 51),
(2055, 'person', 99),
(2056, 'person', 99),
(2057, 'cow', 99),
(2058, 'cow', 97),
(2059, 'person', 97),
(2060, 'cow', 91),
(2061, 'truck', 65),
(2062, 'person', 51),
(2063, 'person', 99),
(2064, 'cow', 99),
(2065, 'cow', 98),
(2066, 'cow', 96),
(2067, 'cow', 89),
(2068, 'cow', 88),
(2069, 'cow', 79),
(2070, 'cow', 65),
(2071, 'cow', 99),
(2072, 'cow', 98),
(2073, 'cow', 94),
(2074, 'person', 87),
(2075, 'cow', 84),
(2076, 'cat', 83),
(2077, 'chair', 82),
(2078, 'cow', 97),
(2079, 'person', 95),
(2080, 'cow', 95),
(2081, 'bicycle', 95),
(2082, 'cow', 93),
(2083, 'elephant', 91),
(2084, 'cow', 71),
(2085, 'elephant', 61),
(2086, 'elephant', 99),
(2087, 'person', 99),
(2088, 'person', 97),
(2089, 'person', 93),
(2090, 'chair', 87),
(2091, 'person', 80),
(2092, 'person', 51),
(2093, 'elephant', 99),
(2094, 'elephant', 99),
(2095, 'person', 99),
(2096, 'person', 68),
(2097, 'elephant', 99),
(2098, 'elephant', 99),
(2099, 'elephant', 97),
(2100, 'elephant', 78),
(2101, 'elephant', 99),
(2102, 'person', 99),
(2103, 'chair', 68),
(2104, 'bear', 99),
(2105, 'bear', 99),
(2106, 'bear', 99),
(2107, 'bear', 99),
(2108, 'bear', 99),
(2109, 'bear', 99),
(2110, 'bear', 99),
(2111, 'bear', 99),
(2112, 'dog', 98),
(2113, 'bear', 99),
(2114, 'horse', 96),
(2115, 'bear', 73),
(2116, 'bear', 99),
(2117, 'bear', 98),
(2118, 'dog', 97),
(2119, 'zebra', 99),
(2120, 'person', 99),
(2121, 'zebra', 99),
(2122, 'zebra', 99),
(2123, 'sheep', 70),
(2124, 'zebra', 99),
(2125, 'zebra', 99),
(2126, 'zebra', 99),
(2127, 'zebra', 98),
(2128, 'zebra', 98),
(2129, 'zebra', 85),
(2130, 'zebra', 99),
(2131, 'zebra', 99),
(2132, 'zebra', 99),
(2133, 'zebra', 95),
(2134, 'zebra', 99),
(2135, 'zebra', 99),
(2136, 'zebra', 99),
(2137, 'dog', 96),
(2138, 'zebra', 89),
(2139, 'giraffe', 99),
(2140, 'giraffe', 98),
(2141, 'giraffe', 97),
(2142, 'giraffe', 84),
(2143, 'giraffe', 99),
(2144, 'giraffe', 99),
(2145, 'giraffe', 99),
(2146, 'giraffe', 99),
(2147, 'giraffe', 99),
(2148, 'person', 98),
(2149, 'giraffe', 98),
(2150, 'giraffe', 95),
(2151, 'giraffe', 95),
(2152, 'person', 78),
(2153, 'person', 75),
(2154, 'sheep', 67),
(2155, 'giraffe', 99),
(2156, 'giraffe', 99),
(2157, 'giraffe', 99),
(2158, 'giraffe', 99),
(2159, 'giraffe', 99),
(2160, 'person', 93),
(2161, 'kite', 56),
(2162, 'person', 99),
(2163, 'person', 99),
(2164, 'person', 98),
(2165, 'person', 97),
(2166, 'handbag', 96),
(2167, 'person', 95),
(2168, 'traffic light', 95),
(2169, 'person', 86),
(2170, 'person', 84),
(2171, 'person', 81),
(2172, 'person', 79),
(2173, 'person', 72),
(2174, 'skis', 71),
(2175, 'handbag', 65),
(2176, 'person', 57),
(2177, 'handbag', 54),
(2178, 'truck', 99),
(2179, 'car', 99),
(2180, 'car', 98),
(2181, 'person', 98),
(2182, 'car', 97),
(2183, 'truck', 96),
(2184, 'car', 94),
(2185, 'car', 90),
(2186, 'car', 83),
(2187, 'person', 75),
(2188, 'person', 74),
(2189, 'motorcycle', 67),
(2190, 'train', 99),
(2191, 'person', 99),
(2192, 'person', 99),
(2193, 'person', 98),
(2194, 'person', 98),
(2195, 'person', 86),
(2196, 'bottle', 50),
(2197, 'car', 99),
(2198, 'car', 98),
(2199, 'car', 96),
(2200, 'person', 95),
(2201, 'person', 95),
(2202, 'bus', 95),
(2203, 'car', 94),
(2204, 'car', 93),
(2205, 'motorcycle', 93),
(2206, 'truck', 91),
(2207, 'car', 90),
(2208, 'person', 90),
(2209, 'person', 89),
(2210, 'motorcycle', 88),
(2211, 'car', 88),
(2212, 'car', 88),
(2213, 'person', 87),
(2214, 'bus', 87),
(2215, 'person', 80),
(2216, 'truck', 78),
(2217, 'person', 99),
(2218, 'truck', 99),
(2219, 'person', 99),
(2220, 'person', 98),
(2221, 'person', 98),
(2222, 'motorcycle', 90),
(2223, 'motorcycle', 89),
(2224, 'person', 88),
(2225, 'motorcycle', 87),
(2226, 'person', 87),
(2227, 'motorcycle', 85),
(2228, 'motorcycle', 83),
(2229, 'person', 65),
(2230, 'person', 64),
(2231, 'car', 62),
(2232, 'car', 57),
(2233, 'motorcycle', 52),
(2234, 'person', 99),
(2235, 'traffic light', 99),
(2236, 'person', 98),
(2237, 'traffic light', 98),
(2238, 'traffic light', 95),
(2239, 'person', 94),
(2240, 'person', 93),
(2241, 'motorcycle', 89),
(2242, 'traffic light', 88),
(2243, 'motorcycle', 86),
(2244, 'traffic light', 78),
(2245, 'backpack', 77),
(2246, 'person', 68),
(2247, 'person', 53),
(2248, 'person', 50),
(2249, 'bus', 99),
(2250, 'bus', 99),
(2251, 'person', 99),
(2252, 'motorcycle', 98),
(2253, 'person', 98),
(2254, 'person', 81),
(2255, 'person', 73),
(2256, 'person', 61),
(2257, 'person', 60),
(2258, 'person', 57),
(2259, 'bus', 99),
(2260, 'person', 99),
(2261, 'person', 99),
(2262, 'person', 99),
(2263, 'person', 99),
(2264, 'person', 98),
(2265, 'car', 97),
(2266, 'person', 97),
(2267, 'person', 95),
(2268, 'bus', 95),
(2269, 'person', 94),
(2270, 'person', 86),
(2271, 'handbag', 84),
(2272, 'person', 80),
(2273, 'umbrella', 78),
(2274, 'person', 74),
(2275, 'person', 74),
(2276, 'person', 72),
(2277, 'car', 70),
(2278, 'umbrella', 70),
(2279, 'elephant', 99),
(2280, 'elephant', 80),
(2281, 'bear', 99),
(2282, 'motorcycle', 72),
(2283, 'chair', 64),
(2284, 'bicycle', 58),
(2285, 'motorcycle', 51),
(2286, 'person', 99),
(2287, 'giraffe', 99),
(2288, 'giraffe', 99),
(2289, 'giraffe', 99),
(2290, 'giraffe', 87),
(2291, 'giraffe', 72),
(2292, 'bottle', 58),
(2293, 'giraffe', 54),
(2294, 'giraffe', 99),
(2295, 'giraffe', 98),
(2296, 'giraffe', 97),
(2297, 'giraffe', 78),
(2298, 'person', 68),
(2299, 'person', 61),
(2300, 'person', 61),
(2301, 'giraffe', 55),
(2302, 'person', 99),
(2303, 'bicycle', 99),
(2304, 'motorcycle', 99),
(2305, 'motorcycle', 98),
(2306, 'person', 98),
(2307, 'person', 77),
(2308, 'person', 75),
(2309, 'bicycle', 69),
(2310, 'motorcycle', 69),
(2311, 'person', 99),
(2312, 'dog', 99),
(2313, 'bird', 99),
(2314, 'bird', 99),
(2315, 'bird', 98),
(2316, 'bird', 94),
(2317, 'bird', 93),
(2318, 'bird', 92),
(2319, 'bird', 91),
(2320, 'bird', 77),
(2321, 'bird', 73),
(2322, 'bird', 60),
(2323, 'cat', 99),
(2324, 'person', 99),
(2325, 'person', 87),
(2326, 'bed', 69),
(2327, 'person', 99),
(2328, 'airplane', 99),
(2329, 'bus', 91),
(2330, 'person', 75),
(2331, 'person', 68),
(2332, 'person', 64),
(2333, 'person', 62),
(2334, 'truck', 61),
(2335, 'person', 57),
(2336, 'person', 51),
(2337, 'person', 51),
(2338, 'car', 99),
(2339, 'parking meter', 99),
(2340, 'car', 99),
(2341, 'car', 99),
(2342, 'person', 99),
(2343, 'parking meter', 96),
(2344, 'car', 95),
(2345, 'car', 93),
(2346, 'car', 87),
(2347, 'car', 67),
(2348, 'car', 66),
(2349, 'parking meter', 60),
(2350, 'potted plant', 59),
(2351, 'bicycle', 99),
(2352, 'bicycle', 99),
(2353, 'bicycle', 99),
(2354, 'bicycle', 99),
(2355, 'bicycle', 99),
(2356, 'bicycle', 99),
(2357, 'bicycle', 99),
(2358, 'bicycle', 99),
(2359, 'bicycle', 97),
(2360, 'bicycle', 52),
(2361, 'sheep', 98),
(2362, 'sheep', 98),
(2363, 'sheep', 98),
(2364, 'sheep', 96),
(2365, 'sheep', 96),
(2366, 'sheep', 94),
(2367, 'sheep', 77),
(2368, 'sheep', 72),
(2369, 'sheep', 70),
(2370, 'sheep', 69),
(2371, 'sheep', 63),
(2372, 'sheep', 59),
(2373, 'sheep', 50),
(2374, 'car', 99),
(2375, 'car', 99),
(2376, 'car', 99),
(2377, 'car', 99),
(2378, 'bus', 99),
(2379, 'traffic light', 99),
(2380, 'person', 99),
(2381, 'car', 98),
(2382, 'traffic light', 98),
(2383, 'car', 95),
(2384, 'traffic light', 89),
(2385, 'car', 87),
(2386, 'truck', 77),
(2387, 'car', 75),
(2388, 'car', 73),
(2389, 'traffic light', 62),
(2390, 'car', 54),
(2391, 'traffic light', 50),
(2392, 'boat', 99),
(2393, 'person', 99),
(2394, 'person', 99),
(2395, 'person', 95),
(2396, 'person', 92),
(2397, 'person', 86),
(2398, 'person', 54),
(2399, 'motorcycle', 99),
(2400, 'motorcycle', 99),
(2401, 'motorcycle', 99),
(2402, 'motorcycle', 99),
(2403, 'motorcycle', 99),
(2404, 'motorcycle', 99),
(2405, 'motorcycle', 99),
(2406, 'bus', 99),
(2407, 'car', 99),
(2408, 'person', 94),
(2409, 'person', 59),
(2410, 'boat', 99),
(2411, 'boat', 87),
(2412, 'boat', 66),
(2413, 'dog', 99),
(2414, 'person', 99),
(2415, 'person', 99),
(2416, 'baseball bat', 96),
(2417, 'umbrella', 55),
(2418, 'person', 99),
(2419, 'horse', 99),
(2420, 'person', 99),
(2421, 'person', 99),
(2422, 'horse', 99),
(2423, 'person', 99),
(2424, 'person', 99),
(2425, 'horse', 99),
(2426, 'horse', 98),
(2427, 'person', 98),
(2428, 'person', 93),
(2429, 'horse', 72),
(2430, 'elephant', 99),
(2431, 'elephant', 99),
(2432, 'elephant', 99),
(2433, 'elephant', 99),
(2434, 'elephant', 99),
(2435, 'zebra', 99),
(2436, 'zebra', 99),
(2437, 'zebra', 99),
(2438, 'zebra', 99),
(2439, 'person', 99),
(2440, 'giraffe', 99),
(2441, 'giraffe', 98),
(2442, 'person', 98),
(2443, 'person', 76),
(2444, 'person', 75),
(2445, 'person', 68),
(2446, 'person', 50),
(2447, 'car', 99),
(2448, 'car', 99),
(2449, 'car', 99),
(2450, 'person', 93),
(2451, 'truck', 75),
(2452, 'person', 71),
(2453, 'car', 52),
(2454, 'person', 99),
(2455, 'person', 99),
(2456, 'person', 99),
(2457, 'person', 99),
(2458, 'train', 98),
(2459, 'person', 92),
(2460, 'train', 72),
(2461, 'person', 64),
(2462, 'person', 99),
(2463, 'person', 99),
(2464, 'car', 99),
(2465, 'person', 99),
(2466, 'umbrella', 99),
(2467, 'person', 99),
(2468, 'umbrella', 94),
(2469, 'motorcycle', 90),
(2470, 'umbrella', 57),
(2471, 'person', 99),
(2472, 'bird', 99),
(2473, 'person', 99),
(2474, 'motorcycle', 99),
(2475, 'motorcycle', 99),
(2476, 'umbrella', 99),
(2477, 'motorcycle', 99),
(2478, 'bicycle', 98),
(2479, 'motorcycle', 98),
(2480, 'motorcycle', 97),
(2481, 'person', 96),
(2482, 'person', 96),
(2483, 'backpack', 95),
(2484, 'person', 93),
(2485, 'motorcycle', 89),
(2486, 'person', 88),
(2487, 'bicycle', 87),
(2488, 'person', 82),
(2489, 'person', 79),
(2490, 'person', 69),
(2491, 'motorcycle', 64),
(2492, 'person', 63),
(2493, 'bus', 99),
(2494, 'car', 95),
(2495, 'person', 90),
(2496, 'person', 66),
(2497, 'train', 99),
(2498, 'person', 99),
(2499, 'person', 99),
(2500, 'vase', 99),
(2501, 'person', 99),
(2502, 'person', 99),
(2503, 'person', 99),
(2504, 'person', 98),
(2505, 'person', 82),
(2506, 'potted plant', 79),
(2507, 'chair', 63),
(2508, 'person', 99),
(2509, 'tie', 99),
(2510, 'boat', 99),
(2511, 'boat', 91),
(2512, 'person', 53),
(2513, 'umbrella', 99),
(2514, 'person', 99),
(2515, 'person', 99),
(2516, 'umbrella', 99),
(2517, 'umbrella', 98),
(2518, 'umbrella', 98),
(2519, 'umbrella', 97),
(2520, 'umbrella', 97),
(2521, 'umbrella', 95),
(2522, 'handbag', 95),
(2523, 'person', 94),
(2524, 'person', 90),
(2525, 'person', 84),
(2526, 'umbrella', 82),
(2527, 'backpack', 75),
(2528, 'person', 74),
(2529, 'handbag', 73),
(2530, 'handbag', 69),
(2531, 'person', 57),
(2532, 'banana', 56),
(2533, 'handbag', 94),
(2534, 'bed', 83),
(2535, 'handbag', 70),
(2536, 'handbag', 69),
(2537, 'suitcase', 68),
(2538, 'handbag', 64),
(2539, 'handbag', 64),
(2540, 'person', 99),
(2541, 'person', 99),
(2542, 'person', 99),
(2543, 'person', 99),
(2544, 'person', 97),
(2545, 'handbag', 96),
(2546, 'person', 95),
(2547, 'person', 93),
(2548, 'backpack', 85),
(2549, 'person', 79),
(2550, 'handbag', 77),
(2551, 'chair', 72),
(2552, 'chair', 51),
(2553, 'train', 99),
(2554, 'car', 99),
(2555, 'car', 99),
(2556, 'car', 99),
(2557, 'person', 94);
INSERT INTO `object` (`id`, `name`, `probability`) VALUES
(2558, 'person', 92),
(2559, 'umbrella', 90),
(2560, 'person', 88),
(2561, 'person', 86),
(2562, 'person', 86),
(2563, 'person', 71),
(2564, 'person', 71),
(2565, 'person', 67),
(2566, 'person', 53),
(2567, 'person', 99),
(2568, 'person', 99),
(2569, 'bicycle', 99),
(2570, 'person', 99),
(2571, 'person', 99),
(2572, 'bicycle', 98),
(2573, 'motorcycle', 98),
(2574, 'bicycle', 94),
(2575, 'motorcycle', 92),
(2576, 'umbrella', 57),
(2577, 'motorcycle', 99),
(2578, 'motorcycle', 99),
(2579, 'motorcycle', 99),
(2580, 'motorcycle', 99),
(2581, 'motorcycle', 99),
(2582, 'clock', 50),
(2583, 'person', 99),
(2584, 'truck', 99),
(2585, 'car', 99),
(2586, 'person', 99),
(2587, 'person', 99),
(2588, 'person', 88),
(2589, 'person', 78),
(2590, 'person', 74),
(2591, 'truck', 72),
(2592, 'person', 71),
(2593, 'person', 66),
(2594, 'giraffe', 99),
(2595, 'person', 99),
(2596, 'apple', 99),
(2597, 'apple', 99),
(2598, 'apple', 97),
(2599, 'apple', 94),
(2600, 'apple', 94),
(2601, 'apple', 77),
(2602, 'dining table', 68),
(2603, 'apple', 99),
(2604, 'apple', 99),
(2605, 'baseball bat', 84),
(2606, 'dining table', 62),
(2607, 'apple', 99),
(2608, 'apple', 99),
(2609, 'apple', 99),
(2610, 'apple', 99),
(2611, 'apple', 97),
(2612, 'apple', 96),
(2613, 'apple', 96),
(2614, 'apple', 95),
(2615, 'apple', 93),
(2616, 'vase', 84),
(2617, 'bottle', 80),
(2618, 'apple', 63),
(2619, 'apple', 53),
(2620, 'banana', 99),
(2621, 'bowl', 99),
(2622, 'banana', 64),
(2623, 'dining table', 59),
(2624, 'banana', 99),
(2625, 'banana', 55),
(2626, 'banana', 99),
(2627, 'banana', 79),
(2628, 'banana', 95),
(2629, 'banana', 94),
(2630, 'banana', 93),
(2631, 'banana', 80),
(2632, 'banana', 77),
(2633, 'banana', 74),
(2634, 'banana', 72),
(2635, 'banana', 69),
(2636, 'banana', 65),
(2637, 'bowl', 54),
(2638, 'banana', 99),
(2639, 'banana', 79),
(2640, 'banana', 66),
(2641, 'banana', 99),
(2642, 'banana', 98),
(2643, 'banana', 93),
(2644, 'banana', 93),
(2645, 'bowl', 84),
(2646, 'banana', 81),
(2647, 'dining table', 68),
(2648, 'banana', 68),
(2649, 'banana', 63),
(2650, 'bowl', 57),
(2651, 'banana', 56),
(2652, 'banana', 99),
(2653, 'apple', 98),
(2654, 'apple', 97),
(2655, 'apple', 97),
(2656, 'apple', 89),
(2657, 'apple', 75),
(2658, 'apple', 70),
(2659, 'banana', 99),
(2660, 'bowl', 72),
(2661, 'donut', 67),
(2662, 'baseball bat', 99),
(2663, 'baseball bat', 97),
(2664, 'baseball bat', 94),
(2665, 'baseball bat', 99),
(2666, 'baseball bat', 99),
(2667, 'baseball bat', 99),
(2668, 'sports ball', 98),
(2669, 'baseball bat', 99),
(2670, 'baseball bat', 97),
(2671, 'baseball glove', 83),
(2672, 'baseball glove', 99),
(2673, 'baseball glove', 99),
(2674, 'baseball glove', 98),
(2675, 'cake', 96),
(2676, 'baseball glove', 54),
(2677, 'baseball glove', 99),
(2678, 'baseball glove', 99),
(2679, 'baseball glove', 99),
(2680, 'bottle', 99),
(2681, 'bottle', 99),
(2682, 'bottle', 99),
(2683, 'bottle', 99),
(2684, 'bottle', 99),
(2685, 'bottle', 99),
(2686, 'bottle', 99),
(2687, 'bottle', 99),
(2688, 'bottle', 99),
(2689, 'vase', 98),
(2690, 'bottle', 92),
(2691, 'vase', 89),
(2692, 'vase', 80),
(2693, 'bottle', 99),
(2694, 'bottle', 99),
(2695, 'bottle', 98),
(2696, 'bottle', 99),
(2697, 'vase', 57),
(2698, 'bottle', 99),
(2699, 'vase', 93),
(2700, 'bottle', 99),
(2701, 'bottle', 99),
(2702, 'bottle', 99),
(2703, 'bottle', 97),
(2704, 'bottle', 97),
(2705, 'vase', 95),
(2706, 'vase', 66),
(2707, 'vase', 55),
(2708, 'vase', 51),
(2709, 'cup', 95),
(2710, 'toilet', 82),
(2711, 'bowl', 70),
(2712, 'bowl', 99),
(2713, 'bowl', 99),
(2714, 'dining table', 59),
(2715, 'bowl', 95),
(2716, 'sink', 68),
(2717, 'bowl', 98),
(2718, 'cup', 68),
(2719, 'toilet', 98),
(2720, 'bowl', 82),
(2721, 'bowl', 99),
(2722, 'bowl', 98),
(2723, 'sink', 85),
(2724, 'broccoli', 99),
(2725, 'broccoli', 99),
(2726, 'broccoli', 98),
(2727, 'broccoli', 61),
(2728, 'person', 99),
(2729, 'broccoli', 99),
(2730, 'broccoli', 95),
(2731, 'person', 93),
(2732, 'broccoli', 69),
(2733, 'person', 64),
(2734, 'broccoli', 57),
(2735, 'broccoli', 98),
(2736, 'broccoli', 97),
(2737, 'broccoli', 83),
(2738, 'broccoli', 56),
(2739, 'broccoli', 99),
(2740, 'broccoli', 95),
(2741, 'vase', 58),
(2742, 'broccoli', 99),
(2743, 'broccoli', 98),
(2744, 'broccoli', 96),
(2745, 'broccoli', 66),
(2746, 'broccoli', 97),
(2747, 'broccoli', 95),
(2748, 'broccoli', 93),
(2749, 'broccoli', 91),
(2750, 'broccoli', 91),
(2751, 'broccoli', 90),
(2752, 'broccoli', 76),
(2753, 'broccoli', 71),
(2754, 'carrot', 99),
(2755, 'carrot', 99),
(2756, 'carrot', 99),
(2757, 'carrot', 98),
(2758, 'carrot', 88),
(2759, 'carrot', 99),
(2760, 'carrot', 94),
(2761, 'carrot', 99),
(2762, 'carrot', 99),
(2763, 'carrot', 96),
(2764, 'carrot', 95),
(2765, 'carrot', 95),
(2766, 'carrot', 92),
(2767, 'carrot', 56),
(2768, 'carrot', 97),
(2769, 'carrot', 92),
(2770, 'hot dog', 86),
(2771, 'hot dog', 85),
(2772, 'carrot', 85),
(2773, 'carrot', 78),
(2774, 'carrot', 63),
(2775, 'carrot', 60),
(2776, 'carrot', 55),
(2777, 'carrot', 99),
(2778, 'potted plant', 71),
(2779, 'carrot', 99),
(2780, 'carrot', 99),
(2781, 'carrot', 97),
(2782, 'carrot', 79),
(2783, 'carrot', 99),
(2784, 'carrot', 99),
(2785, 'carrot', 96),
(2786, 'carrot', 83),
(2787, 'carrot', 74),
(2788, 'carrot', 65),
(2789, 'cup', 99),
(2790, 'cup', 99),
(2791, 'cup', 88),
(2792, 'cup', 99),
(2793, 'cup', 99),
(2794, 'cup', 99),
(2795, 'cup', 99),
(2796, 'cup', 99),
(2797, 'dining table', 91),
(2798, 'cup', 99),
(2799, 'cup', 99),
(2800, 'vase', 72),
(2801, 'donut', 99),
(2802, 'donut', 99),
(2803, 'donut', 99),
(2804, 'donut', 99),
(2805, 'donut', 99),
(2806, 'donut', 99),
(2807, 'donut', 99),
(2808, 'donut', 99),
(2809, 'donut', 99),
(2810, 'donut', 98),
(2811, 'donut', 98),
(2812, 'donut', 97),
(2813, 'donut', 94),
(2814, 'donut', 90),
(2815, 'donut', 85),
(2816, 'donut', 79),
(2817, 'donut', 75),
(2818, 'donut', 66),
(2819, 'donut', 63),
(2820, 'donut', 54),
(2821, 'donut', 53),
(2822, 'donut', 99),
(2823, 'donut', 99),
(2824, 'donut', 99),
(2825, 'donut', 99),
(2826, 'donut', 97),
(2827, 'donut', 81),
(2828, 'donut', 99),
(2829, 'donut', 96),
(2830, 'donut', 99),
(2831, 'donut', 99),
(2832, 'donut', 99),
(2833, 'donut', 99),
(2834, 'donut', 99),
(2835, 'donut', 97),
(2836, 'donut', 97),
(2837, 'donut', 97),
(2838, 'donut', 97),
(2839, 'donut', 96),
(2840, 'donut', 96),
(2841, 'donut', 96),
(2842, 'donut', 96),
(2843, 'donut', 95),
(2844, 'donut', 91),
(2845, 'donut', 90),
(2846, 'donut', 90),
(2847, 'donut', 89),
(2848, 'donut', 86),
(2849, 'donut', 85),
(2850, 'donut', 84),
(2851, 'donut', 99),
(2852, 'donut', 99),
(2853, 'donut', 99),
(2854, 'donut', 99),
(2855, 'donut', 99),
(2856, 'orange', 77),
(2857, 'donut', 69),
(2858, 'fork', 99),
(2859, 'toothbrush', 64),
(2860, 'fork', 99),
(2861, 'fork', 99),
(2862, 'toothbrush', 60),
(2863, 'fork', 99),
(2864, 'spoon', 62),
(2865, 'fork', 97),
(2866, 'toothbrush', 51),
(2867, 'fork', 99),
(2868, 'fork', 99),
(2869, 'fork', 63),
(2870, 'fork', 99),
(2871, 'frisbee', 98),
(2872, 'frisbee', 99),
(2873, 'frisbee', 99),
(2874, 'frisbee', 99),
(2875, 'person', 80),
(2876, 'frisbee', 98),
(2877, 'bowl', 81),
(2878, 'frisbee', 99),
(2879, 'frisbee', 99),
(2880, 'frisbee', 75),
(2881, 'stop sign', 58),
(2882, 'frisbee', 99),
(2883, 'handbag', 99),
(2884, 'handbag', 94),
(2885, 'suitcase', 70),
(2886, 'handbag', 99),
(2887, 'handbag', 95),
(2888, 'suitcase', 65),
(2889, 'handbag', 62),
(2890, 'suitcase', 98),
(2891, 'laptop', 68),
(2892, 'handbag', 99),
(2893, 'suitcase', 95),
(2894, 'handbag', 99),
(2895, 'suitcase', 97),
(2896, 'handbag', 99),
(2897, 'handbag', 99),
(2898, 'handbag', 99),
(2899, 'handbag', 98),
(2900, 'handbag', 88),
(2901, 'chair', 57),
(2902, 'handbag', 99),
(2903, 'handbag', 98),
(2904, 'suitcase', 96),
(2905, 'refrigerator', 94),
(2906, 'suitcase', 94),
(2907, 'cup', 99),
(2908, 'hot dog', 99),
(2909, 'hot dog', 98),
(2910, 'bowl', 93),
(2911, 'bowl', 81),
(2912, 'dining table', 59),
(2913, 'hot dog', 99),
(2914, 'bowl', 99),
(2915, 'knife', 98),
(2916, 'hot dog', 92),
(2917, 'bowl', 75),
(2918, 'hot dog', 74),
(2919, 'dining table', 61),
(2920, 'sandwich', 57),
(2921, 'sandwich', 55),
(2922, 'hot dog', 99),
(2923, 'hot dog', 98),
(2924, 'hot dog', 77),
(2925, 'apple', 63),
(2926, 'hot dog', 99),
(2927, 'hot dog', 99),
(2928, 'hot dog', 99),
(2929, 'hot dog', 98),
(2930, 'hot dog', 98),
(2931, 'bowl', 97),
(2932, 'cup', 97),
(2933, 'hot dog', 90),
(2934, 'dining table', 76),
(2935, 'kite', 96),
(2936, 'kite', 94),
(2937, 'umbrella', 82),
(2938, 'kite', 98),
(2939, 'kite', 99),
(2940, 'bird', 75),
(2941, 'kite', 99),
(2942, 'kite', 97),
(2943, 'kite', 84),
(2944, 'kite', 99),
(2945, 'kite', 64),
(2946, 'kite', 99),
(2947, 'kite', 73),
(2948, 'knife', 99),
(2949, 'knife', 88),
(2950, 'scissors', 94),
(2951, 'knife', 83),
(2952, 'knife', 82),
(2953, 'scissors', 97),
(2954, 'knife', 78),
(2955, 'knife', 99),
(2956, 'knife', 99),
(2957, 'knife', 99),
(2958, 'knife', 87),
(2959, 'knife', 67),
(2960, 'knife', 65),
(2961, 'knife', 99),
(2962, 'carrot', 99),
(2963, 'carrot', 99),
(2964, 'carrot', 99),
(2965, 'knife', 97),
(2966, 'carrot', 87),
(2967, 'carrot', 83),
(2968, 'carrot', 82),
(2969, 'carrot', 82),
(2970, 'knife', 78),
(2971, 'carrot', 63),
(2972, 'carrot', 58),
(2973, 'carrot', 57),
(2974, 'knife', 99),
(2975, 'knife', 99),
(2976, 'knife', 95),
(2977, 'knife', 89),
(2978, 'orange', 99),
(2979, 'orange', 99),
(2980, 'orange', 99),
(2981, 'orange', 98),
(2982, 'orange', 98),
(2983, 'orange', 98),
(2984, 'orange', 97),
(2985, 'orange', 96),
(2986, 'orange', 95),
(2987, 'orange', 94),
(2988, 'orange', 94),
(2989, 'orange', 93),
(2990, 'orange', 91),
(2991, 'orange', 88),
(2992, 'orange', 84),
(2993, 'orange', 83),
(2994, 'orange', 83),
(2995, 'orange', 82),
(2996, 'orange', 81),
(2997, 'orange', 79),
(2998, 'orange', 79),
(2999, 'orange', 72),
(3000, 'orange', 71),
(3001, 'orange', 99),
(3002, 'orange', 99),
(3003, 'orange', 99),
(3004, 'orange', 99),
(3005, 'orange', 99),
(3006, 'orange', 96),
(3007, 'orange', 78),
(3008, 'orange', 99),
(3009, 'orange', 99),
(3010, 'orange', 97),
(3011, 'orange', 96),
(3012, 'orange', 99),
(3013, 'orange', 97),
(3014, 'orange', 94),
(3015, 'orange', 94),
(3016, 'orange', 93),
(3017, 'broccoli', 99),
(3018, 'pizza', 99),
(3019, 'pizza', 98),
(3020, 'broccoli', 85),
(3021, 'pizza', 99),
(3022, 'pizza', 99),
(3023, 'dining table', 71),
(3024, 'pizza', 98),
(3025, 'pizza', 98),
(3026, 'broccoli', 95),
(3027, 'broccoli', 76),
(3028, 'pizza', 99),
(3029, 'dining table', 62),
(3030, 'pizza', 99),
(3031, 'pizza', 99),
(3032, 'potted plant', 68),
(3033, 'dining table', 63),
(3034, 'pizza', 99),
(3035, 'sandwich', 99),
(3036, 'sandwich', 98),
(3037, 'dining table', 76),
(3038, 'sandwich', 55),
(3039, 'sandwich', 98),
(3040, 'broccoli', 97),
(3041, 'cake', 91),
(3042, 'sandwich', 83),
(3043, 'sandwich', 54),
(3044, 'sandwich', 99),
(3045, 'sandwich', 99),
(3046, 'sandwich', 99),
(3047, 'cup', 97),
(3048, 'broccoli', 91),
(3049, 'dining table', 87),
(3050, 'broccoli', 79),
(3051, 'sandwich', 99),
(3052, 'dining table', 94),
(3053, 'dining table', 76),
(3054, 'carrot', 98),
(3055, 'sandwich', 97),
(3056, 'sandwich', 96),
(3057, 'sandwich', 91),
(3058, 'wine glass', 89),
(3059, 'dining table', 86),
(3060, 'cake', 80),
(3061, 'cake', 73),
(3062, 'cup', 70),
(3063, 'spoon', 65),
(3064, 'cup', 58),
(3065, 'cake', 54),
(3066, 'wine glass', 50),
(3067, 'bowl', 99),
(3068, 'sandwich', 99),
(3069, 'sandwich', 99),
(3070, 'bottle', 78),
(3071, 'sandwich', 99),
(3072, 'sandwich', 98),
(3073, 'dining table', 95),
(3074, 'sandwich', 69),
(3075, 'skateboard', 99),
(3076, 'skateboard', 99),
(3077, 'skateboard', 99),
(3078, 'skateboard', 99),
(3079, 'surfboard', 89),
(3080, 'person', 99),
(3081, 'skateboard', 99),
(3082, 'skateboard', 99),
(3083, 'skateboard', 99),
(3084, 'knife', 98),
(3085, 'skateboard', 89),
(3086, 'skis', 83),
(3087, 'skis', 99),
(3088, 'snowboard', 98),
(3089, 'skis', 86),
(3090, 'skis', 95),
(3091, 'skis', 77),
(3092, 'skis', 69),
(3093, 'person', 99),
(3094, 'person', 99),
(3095, 'skis', 99),
(3096, 'skis', 98),
(3097, 'skis', 97),
(3098, 'skis', 99),
(3099, 'skis', 89),
(3100, 'snowboard', 88),
(3101, 'traffic light', 87),
(3102, 'skis', 87),
(3103, 'traffic light', 83),
(3104, 'snowboard', 83),
(3105, 'snowboard', 72),
(3106, 'snowboard', 72),
(3107, 'skis', 68),
(3108, 'snowboard', 62),
(3109, 'traffic light', 59),
(3110, 'snowboard', 58),
(3111, 'snowboard', 53),
(3112, 'snowboard', 52),
(3113, 'skis', 98),
(3114, 'skis', 97),
(3115, 'skis', 96),
(3116, 'snowboard', 50),
(3117, 'suitcase', 56),
(3118, 'snowboard', 99),
(3119, 'snowboard', 99),
(3120, 'person', 99),
(3121, 'person', 77),
(3122, 'person', 75),
(3123, 'snowboard', 72),
(3124, 'snowboard', 81),
(3125, 'tv', 79),
(3126, 'snowboard', 64),
(3127, 'person', 99),
(3128, 'snowboard', 99),
(3129, 'snowboard', 97),
(3130, 'surfboard', 86),
(3131, 'snowboard', 82),
(3132, 'skateboard', 60),
(3133, 'snowboard', 96),
(3134, 'skateboard', 58),
(3135, 'snowboard', 98),
(3136, 'snowboard', 86),
(3137, 'skateboard', 70),
(3138, 'backpack', 97),
(3139, 'bed', 89),
(3140, 'snowboard', 72),
(3141, 'skateboard', 71),
(3142, 'handbag', 65),
(3143, 'backpack', 55),
(3144, 'spoon', 92),
(3145, 'spoon', 99),
(3146, 'spoon', 77),
(3147, 'spoon', 95),
(3148, 'spoon', 97),
(3149, 'spoon', 99),
(3150, 'fork', 57),
(3151, 'spoon', 99),
(3152, 'spoon', 99),
(3153, 'fork', 64),
(3154, 'spoon', 99),
(3155, 'spoon', 77),
(3156, 'spoon', 94),
(3157, 'toothbrush', 54),
(3158, 'sports ball', 99),
(3159, 'sports ball', 99),
(3160, 'sports ball', 99),
(3161, 'sports ball', 99),
(3162, 'sports ball', 99),
(3163, 'sports ball', 81),
(3164, 'sports ball', 99),
(3165, 'frisbee', 91),
(3166, 'sports ball', 88),
(3167, 'person', 79),
(3168, 'sports ball', 99),
(3169, 'sports ball', 99),
(3170, 'sports ball', 99),
(3171, 'sports ball', 99),
(3172, 'sports ball', 99),
(3173, 'sports ball', 99),
(3174, 'sports ball', 89),
(3175, 'kite', 53),
(3176, 'sports ball', 99),
(3177, 'sports ball', 99),
(3178, 'sports ball', 99),
(3179, 'sports ball', 99),
(3180, 'sports ball', 95),
(3181, 'sports ball', 87),
(3182, 'sports ball', 57),
(3183, 'suitcase', 99),
(3184, 'suitcase', 99),
(3185, 'suitcase', 99),
(3186, 'handbag', 66),
(3187, 'suitcase', 99),
(3188, 'suitcase', 97),
(3189, 'traffic light', 76),
(3190, 'suitcase', 99),
(3191, 'suitcase', 99),
(3192, 'suitcase', 99),
(3193, 'suitcase', 99),
(3194, 'suitcase', 99),
(3195, 'suitcase', 99),
(3196, 'suitcase', 99),
(3197, 'suitcase', 99),
(3198, 'surfboard', 99),
(3199, 'surfboard', 99),
(3200, 'surfboard', 98),
(3201, 'surfboard', 99),
(3202, 'surfboard', 99),
(3203, 'surfboard', 99),
(3204, 'surfboard', 95),
(3205, 'surfboard', 99),
(3206, 'surfboard', 99),
(3207, 'surfboard', 99),
(3208, 'surfboard', 99),
(3209, 'surfboard', 91),
(3210, 'surfboard', 99),
(3211, 'surfboard', 99),
(3212, 'surfboard', 99),
(3213, 'surfboard', 99),
(3214, 'person', 99),
(3215, 'tennis racket', 99),
(3216, 'sports ball', 99),
(3217, 'person', 90),
(3218, 'tennis racket', 99),
(3219, 'tennis racket', 99),
(3220, 'tennis racket', 99),
(3221, 'vase', 95),
(3222, 'vase', 99),
(3223, 'tennis racket', 99),
(3224, 'tennis racket', 99),
(3225, 'tennis racket', 99),
(3226, 'tennis racket', 80),
(3227, 'tennis racket', 99),
(3228, 'tennis racket', 99),
(3229, 'tennis racket', 54),
(3230, 'tennis racket', 99),
(3231, 'tennis racket', 99),
(3232, 'vase', 99),
(3233, 'tie', 85),
(3234, 'tie', 99),
(3235, 'tie', 99),
(3236, 'tie', 99),
(3237, 'tie', 99),
(3238, 'tie', 97),
(3239, 'tie', 87),
(3240, 'tie', 99),
(3241, 'person', 99),
(3242, 'tie', 99),
(3243, 'wine glass', 99),
(3244, 'wine glass', 99),
(3245, 'wine glass', 99),
(3246, 'wine glass', 99),
(3247, 'wine glass', 99),
(3248, 'wine glass', 99),
(3249, 'wine glass', 99),
(3250, 'cell phone', 96),
(3251, 'wine glass', 99),
(3252, 'wine glass', 99),
(3253, 'wine glass', 99),
(3254, 'vase', 98),
(3255, 'wine glass', 88),
(3256, 'dining table', 60),
(3257, 'dining table', 54),
(3258, 'wine glass', 99),
(3259, 'dining table', 87);

--
-- Chỉ mục cho các bảng đã đổ
--

--
-- Chỉ mục cho bảng `chitietdoituong`
--
ALTER TABLE `chitietdoituong`
  ADD PRIMARY KEY (`id_object`,`id_image`),
  ADD KEY `FK_idimage_chitietdoituong_image` (`id_image`);

--
-- Chỉ mục cho bảng `image`
--
ALTER TABLE `image`
  ADD PRIMARY KEY (`id`);

--
-- Chỉ mục cho bảng `object`
--
ALTER TABLE `object`
  ADD PRIMARY KEY (`id`);

--
-- Các ràng buộc cho các bảng đã đổ
--

--
-- Các ràng buộc cho bảng `chitietdoituong`
--
ALTER TABLE `chitietdoituong`
  ADD CONSTRAINT `FK_idimage_chitietdoituong_image` FOREIGN KEY (`id_image`) REFERENCES `image` (`id`),
  ADD CONSTRAINT `FK_idobject_chitietdoituong_object` FOREIGN KEY (`id_object`) REFERENCES `object` (`id`);
COMMIT;

/*!40101 SET CHARACTER_SET_CLIENT=@OLD_CHARACTER_SET_CLIENT */;
/*!40101 SET CHARACTER_SET_RESULTS=@OLD_CHARACTER_SET_RESULTS */;
/*!40101 SET COLLATION_CONNECTION=@OLD_COLLATION_CONNECTION */;
